product_title,product_rating,total_reviews,purchased_last_month,discounted_price,original_price,product_category,discount_percentage
"BOYA BOYALINK 2 Wireless Lavalier Microphone for iPhone Camera Android, Mini Lapel Micophone Wireless, 48 KHz 24 Bit, 6mm Mic, 1000ft, 30h Use, Noise Cancelling, Clip on Mic USB-C/Lightning/3.5mm TRS",4.6,375,300,89.68,159,Phones,43.6
"LISEN USB C to Lightning Cable, 240W 4 in 1 Charging Cable 6.6FT, Chubby USB A/C to C/Lightning with Light for iPhone 16e 15 14 Pro/MacBook Air 17/iPad/Samsung/Switch 2, Multi Chargers for All Devices",4.3,2457,6000,9.99,15.99,Laptops,37.52
"DJI Mic 2 (2 TX + 1 RX + Charging Case), Wireless Lavalier Microphone, Intelligent Noise Cancelling, 32-bit Float Internal Recording, 820 ft.(250m) Range, Microphone for iPhone, Android, Camera",4.6,3044,2000,314,349,Laptops,10.03
"Apple AirPods Pro 2 Wireless Earbuds, Active Noise Cancellation, Hearing Aid Feature, Bluetooth Headphones, Transparency, Personalized Spatial Audio, High-Fidelity Sound, H2 Chip, USB-C Charging",4.6,35882,10000,162.24,162.24,Phones,0
"Apple AirTag 4 Pack. Keep Track of and find Your Keys, Wallet, Luggage, Backpack, and More. Simple one-tap Set up with iPhone or iPad",4.8,28988,10000,72.74,72.74,Phones,0
"Texas Instruments TI-84 Plus CE Color Graphing Calculator, Black",4.6,44522,100000,99.95,99.95,Other Electronics,0
"Apple AirPods 4 Wireless Earbuds, Bluetooth Headphones, Personalized Spatial Audio, Sweat and Water Resistant, USB-C Charging Case, H2 Chip, Up to 30 Hours of Battery Life, Effortless Setup for iPhone",4.5,13466,10000,88.11,88.11,Phones,0
"Apple AirTag. Keep Track of and find Your Keys, Wallet, Luggage, Backpack, and More. Simple one-tap Set up with iPhone or iPad",4.6,38105,10000,23.04,23.04,Phones,0
Complete Protect: One plan covers all eligible past and future purchases on Amazon,4,4380,,16.99,16.99,Other Electronics,0
"Apple iPad 11-inch: A16 chip, 11-inch Model, Liquid Retina Display, 128GB, Wi-Fi 6, 12MP Front/12MP Back Camera, Touch ID, All-Day Battery Life â€” Blue",4.7,7308,10000,284.05,284.05,Cameras,0
"Amazon Basics 48-Pack AA Alkaline High-Performance Batteries, 1.5 Volt, 10-Year Shelf Life",4.7,865598,100000,14.99,14.99,Laptops,0
"Apple 2025 MacBook Air 13-inch Laptop with M4 chip: Built for Apple Intelligence, 13.6-inch Liquid Retina Display, 16GB Unified Memory, 256GB SSD Storage, 12MP Center Stage Camera, Touch ID; Midnight",4.8,1914,10000,880.95,880.95,Laptops,0
Transformers TF-T01 True Wireless Earbuds Wireless Bluetooth 5.4 Ear Buds Deep Bass Sound Earbud with Smart Noise Cancelling Mic IPX5 Waterproof in Ear Earphones for Android iOS Blue Optimus Prime,4.2,152,100,29.99,29.99,Phones,0
Seagate IronWolf 12TB NAS Internal Hard Drive HDD â€“ CMR 3.5 Inch SATA 6Gb/s 7200 RPM 256MB Cache for RAID Network Attached Storage (ST12000VNZ008/ST12000VN0008),4.4,12076,1000,249.99,249.99,Storage,0
"Peak Design Slide Lite Camera Strap, Black, Configurable as a Sling, Neck or Shoulder Strap, Quick Release and Connection, Smooth and Grippy Side, Camera Straps for Photographers, 200 lb Capacity",4.7,7235,500,69.95,69.95,Cameras,0
"Texas Instruments TI-30XIIS Scientific Calculator, Black with Blue Accents",4.7,48468,100000,17.45,17.45,Other Electronics,0
"Amazon Basics Multipurpose Copy Printer Paper, 20 lb, 8.5 x 11 Inches, 8 Reams (4,000 Sheets), 92 Bright, White",4.8,198512,80000,39.97,39.97,Printers & Scanners,0
"Amazon Basics AAA Alkaline High-Performance Batteries, 1.5 Volt, 10-Year Shelf Life, 36 Count (Pack of 1)",4.7,625776,100000,14.49,14.49,Laptops,0
"Amazon Basics Clear Thermal Laminating Plastic Paper Laminator Sheets, 9 x 11.5-Inch, 200-Pack, 3mil",4.8,88965,100000,16.98,16.98,Other Electronics,0
"Roku Streaming Stick HD 2025 â€” HD Streaming Device for TV with Roku Voice Remote, Free & Live TV",4.6,1909,10000,33.51,33.51,TV & Display,0
"Energizer AA Batteries Alkaline Power, 32 Count Alkaline Double A Battery Pack",4.8,61157,100000,16.95,19.98,Power & Batteries,15.17
"Apple Watch SE (2nd Gen) [GPS 40mm] Smartwatch with Starlight Aluminum Case with Starlight Sport Band S/M. Fitness and Sleep Trackers, Crash Detection, Heart Rate Monitor, Retina Display",4.6,12840,10000,146.14,146.14,TV & Display,0
"Amazon Basics Wood-Cased #2 Pencils, Pre-sharpened, HB Lead Bulk Box, 150 Count, Yellow",4.8,54244,100000,9.89,14.33,Other Electronics,30.98
"Apple EarPods Headphones with USB-C Plug, Wired Ear Buds with Built-in Remote to Control Music, Phone Calls, and Volume",4.6,15087,10000,16.1,16.1,Phones,0
"Duracell 2032 Lithium Battery. 4 Count Pack. Child Safety Features. Compatible with Apple AirTag, Key Fob, and other devices. CR2032 3V Cell. 2032 Battery, Lithium Coin",4.7,84821,100000,,,Power & Batteries,
"Energizer Alkaline Power AAA Batteries, 32 Count, Long-Lasting Triple A Batteries, Suitable for Everyday Electronics and Emergency Gear",4.8,43002,70000,15.15,17.99,Power & Batteries,15.79
"Duracell Coppertop AA Batteries with Power Boost Ingredients, 24 Count Pack Double A Battery with Long-lasting Power, Alkaline AA Battery for Household and Office Devices",4.8,125404,80000,18.79,21.89,Power & Batteries,14.16
"Sony ZX Series Wired On-Ear Headphones, Black MDR-ZX110",4.5,108926,10000,9.54,9.54,Phones,0
"HP 67 Black/Tri-color Ink Cartridges for HP Printers | Works with Printer Series: DeskJet 1255, 2700, 4100; ENVY 6000, 6400 | Eligible for Instant Ink | 3YP29AN",4.6,59092,50000,43.89,43.89,Laptops,0
"HP 67XL Black High-yield Ink Cartridge | Works with HP DeskJet 1255, 2700, 4100 Series, HP ENVY 6000, 6400 Series | Eligible for Instant Ink | One Size | 3YM57AN",4.6,101072,50000,35.89,35.89,Laptops,0
"Razer Seiren V3 Chroma RGB USB Microphone: Stream & Game Reactive Lighting - Tap-to-Mute Sensor - Condenser Mic - Digital Gain Limiter & Shock Absorber - PC, Discord, OBS Studio, XSplit - Quartz Pink",4.5,171,,134.39,134.39,Phones,0
OWC 250GB Aura Pro 6G Flash SSD Upgrade for 2012 MacBook Air,4.6,276,,42.99,42.99,Laptops,0
"OWC 2.0TB Aura Pro X2 (GEN 4) SSD Complete Upgrade Solution Compatible with Mac Pro (Late 2013), High Performance NVMe Flash Upgrade, Including Tools, heatsink, and Envoy Pro Enclosure",4.4,358,,239.99,239.99,Storage,0
Texas Instruments TI-30XS MultiView Scientific Calculator,4.8,36122,70000,16.99,20,Other Electronics,15.05
"Amazon Basics Micro SDXC Memory Card with Full Size Adapter, A2, U3, Read Speed up to 100 MB/s, 128 GB, Black",4.7,123411,10000,11.06,11.06,Chargers & Cables,0
"Mounting Dream TV Wall Mount for 32-65 Inch Television,Mount with Swivel and Tilt, Full Motion Bracket with Articulating Dual Arms, Fits 16inch Studs, Max VESA 400X400 mm, 99lbs, MD2380",4.8,44109,10000,39.97,48.99,TV & Display,18.41
"Energizer Ultimate Lithium AA Batteries Pack, 1.5V AA Batteries, 24 Count",4.7,32810,40000,,,Power & Batteries,
"Scotch Heavy Duty Shipping and Moving Packing Tape, Clear, Packing and Moving Supplies, 1.88 in. x 22.2 yd., 6 Tape Rolls with Dispensers",4.8,103375,10000,13.86,19.99,Other Electronics,30.67
"JBL Vibe Beam - True Wireless JBL Deep Bass Sound Earbuds, Bluetooth 5.2, Water & Dust Resistant, Hands-free call with VoiceAware, Up to 32 hours of battery life (Black)",4.3,26559,10000,29.95,29.95,Headphones,0
"Apple Pencil Pro: Latest Model - Device Compatibility Check Required - Pixel-Perfect Precision, Tilt and Pressure Sensitivity, Perfect for Note-Taking, Drawing, and Art. Charges and Pairs Magnetically",4.6,4676,10000,148,148,Phones,0
"Energizer AA and AAA Batteries, 48 Count, Combo Pack Contains 24 Max Double A and 24 Max Triple A Batteries",4.8,70083,40000,23.1,38.98,Power & Batteries,40.74
"Amazon Basics File Folders with Tabs for Filing, 1/3-Cut Tab, Assorted Positions, 8.5x11 inches, Letter Size, Manila, Pack of 100",4.8,53340,70000,11.1,14.39,Other Electronics,22.86
"Duracell Coppertop AAA Batteries with Power Boost Ingredients, 24 Count Pack Triple A Battery with Long-Lasting Power, Alkaline AAA Battery for Household and Office Devices",4.8,67965,60000,20.39,21.89,Power & Batteries,6.85
"HP OfficeJet Pro 8125e Wireless All-in-One Color Inkjet Printer, Print, scan, Copy, ADF, Duplex Printing, Home & Office, 3 Months of Instant Ink Included (405T6A)",4.1,450,20000,119.99,169.99,Laptops,29.41
"Scotch Thermal Laminating Pouches, for Use with Thermal Laminators, 8.9 x 11.4 Inches, Letter Size Sheets, 100-Pack",4.9,72360,70000,11.99,19.99,Other Electronics,40.02
"TP-Link AC1200 WiFi Extender, 2025 Wirecutter Best WiFi Extender, 1.2Gbps Home Signal Booster, Dual Band 5GHz/2.4GHz, Up to 1600 Sq.ft and 32 Devices, EasyMesh Compatible, One Ethernet Port (RE315)",4.2,33507,10000,19.99,29.99,Networking,33.34
"Samsung Galaxy Tab A9+ Tablet 11â€ 64GB Android Tablet, Big Screen, Quad Speakers, Upgraded Chipset, Multi Window Display, Slim, Light, Durable Design, US Version, 2024, Graphite",4.4,15848,10000,159,219.99,Phones,27.72
"Apple Watch Series 10 [GPS 42mm case] Smartwatch with Rose Gold Aluminium Case with Light Blush Sport Band - S/M. Fitness Tracker, ECG App, Always-On Retina Display, Water Resistant",4.7,11785,10000,280.12,280.12,TV & Display,0
Sharpie Permanent Markers Bulk Set Fine Tip Markers Set For Plastic Metal Wood And More Black 36 Count,4.8,10981,50000,17.97,17.97,Other Electronics,0
Texas Instruments TI-30Xa Scientific Calculator,4.7,17495,60000,10.82,15,Other Electronics,27.87
"SanDisk 128GB Extreme PRO SDXC UHS-I Memory Card - C10, U3, V30, 4K UHD, SD Card - SDSDXXD-128G-GN4IN",4.8,72492,10000,21.99,24.99,Storage,12
"Duracell Coppertop AA Batteries with Power Boost Ingredients, 28 Count (Pack of 1) Long-lasting Alkaline Double AA Battery in Re-closable Pack for Quick Access and Organized Storage",4.8,16952,50000,25.66,25.66,Storage,0
"Beats Solo 4 - Wireless Bluetooth On-Ear Headphones, Apple & Android Compatible, Up to 50 Hours of Battery Life - Cloud Pink",4.6,16222,10000,127.49,127.49,Phones,0
"AMD RYZEN 7 9800X3D 8-Core, 16-Thread Desktop Processor",4.8,2377,10000,476.5,476.5,Laptops,0
"Seagate Portable 2TB External Hard Drive HDD â€” USB 3.0 for PC, Mac, PlayStation, & Xbox -1-Year Rescue Service (STGX2000400)",4.6,262557,10000,79.99,79.99,Storage,0
"Apple Pencil (USB-C): Device Compatibility Check Required - Pixel-Perfect Precision, Tilt Sensitivity, Perfect for Note-Taking, Drawing, and Signing Documents. Charges and Pairs with USB-C",4.6,6133,10000,97.49,97.49,Phones,0
"HP 910 Cyan, Magenta, Yellow Ink Cartridges | Works with HP OfficeJet 8010, 8020 Series, HP OfficeJet Pro 8020, 8030 Series | Eligible for Instant Ink | 3YN97AN, 3 Count (Pack of 1)",4.6,18532,30000,47.89,47.89,Laptops,0
"KODAK 10.1 Inch WiFi Digital Picture Frame,1280x800 HD IPS Touch Screen, Electronic Smart Photo Frame with 32 GB Memory, Auto-Rotate, Instantly Share Photos/Videos Anywhere",4.1,264,,85.99,85.99,TV & Display,0
"PHILIPS TAT1108 Wireless Earbuds,True Wireless Headphones,Powerful Bass with 6 mm Driver,Clear Call with AI Mic,15-Hour Battery Life,Bluetooth v5.3,IPX4 Rating,Ergonomic Design for Comfort,Black",3.9,6335,500,29.99,32.72,Phones,8.34
"Sanus Height Adjustable Speaker Stand for Sonos Era 300â„¢ - 17"" Height Adjustment Sonos Stand Includes Carpet Spikes & Rubber Pads - Easy DIY Install Comes w/All Hardware - White",4.4,45,,179.99,179.99,Speakers,0
"HP 910XL Black High-yield Ink Cartridge for HP Printers | Works with Printer Series: OfficeJet 8010, 8020; OfficeJet Pro 8020, 8030 | Eligible for Instant Ink | 3YL65AN",4.6,24117,20000,52.89,71.87,Laptops,26.41
"Apple iPad Air 11-inch with M3 chip Built for Apple Intelligence, Liquid Retina Display, 128GB, 12MP Front/Back Camera, Wi-Fi 6E, Touch ID, All-Day Battery Life â€” Space Gray",4.8,1553,6000,514.28,514.28,Laptops,0
"Amazon Basics 8-Pack 9V Alkaline Batteries, 5-Year Shelf Life - for Smoke/CO Detector, Electronics & Audio",4.7,231583,60000,12.69,12.69,Other Electronics,0
"VIZIO 40-inch Full HD 1080p Smart TV with DTS Virtual: X, Alexa Compatibility, Google Cast Built-in, Bluetooth Headphone Capable, (VFD40M-08 New)",4.1,4856,10000,138,169.99,Phones,18.82
"HP Original 910 Cyan, Magenta, Yellow / 910XL Black Ink Cartridges (4-Pack) | Works OfficeJet 8010, 8020 Series OfficeJet Pro 8020, 8030 Series | Eligible for Instant Ink | 3JB41AN",4.6,6931,20000,106.89,106.89,Laptops,0
"Aquaphor Baby Healing Ointment Advanced Therapy Skin Protectant for Chapped or Dry Skin, Drool Rash and Diaper Rash Ointment, 14 Oz Jar",4.8,54759,40000,17.99,17.99,Other Electronics,0
"Logitech Brio 101 Full HD 1080p Webcam for Meetings, Streaming, Desktop, Laptop, PC - Built-in Mic, Shutter, USB-A, Teams, Zoom - Black",4.4,24693,10000,39.59,39.59,Laptops,0
"Apple 2024 MacBook Pro Laptop with M4 Pro, 12-core CPU, 16-core GPU: Built for Apple Intelligence, 14.2-inch Liquid Retina XDR Display, 24GB Unified Memory, 512GB SSD Storage; Space Black",4.8,1212,2000,1647.21,1647.21,Laptops,0
Roku Streaming Stick Plus 2025 - 4K & HDR Roku Streaming Device for TV with Voice Remote - Free & Live TV,4.5,744,10000,44.99,44.99,TV & Display,0
Meta Quest 3 512GB | Thirty Percent Sharper Resolution â€” 2X Graphical Processing Power â€” Play Without Wires â€” Get Batman: Arkham Shadow and a 3-Month Trial of Meta Horizon+ Included,4.5,3316,9000,485.05,485.05,Other Electronics,0
"Original HP 962 Cyan, Magenta, Yellow / 962XL Black Ink Cartridges (4-Pack) | Works with HP OfficeJet 9010 Series, HP OfficeJet Pro 9010, 9020 Series",4.6,6350,10000,154.89,154.89,Laptops,0
"Anker iPhone 16 Charger, 2-Pack 20W Fast USB C Charger Block, for iPhone 16/16 Pro Max/15 Series/iPad Pro and More (Black, 2 Pack & 2 Cable)",4.6,19724,10000,11.89,18.99,Phones,37.39
"Peak Design Slide Lite Camera Strap, Black, Configurable as a Sling, Neck or Shoulder Strap, Quick Release and Connection, Smooth and Grippy Side, Camera Straps for Photographers, 200 lb Capacity",4.7,7235,500,69.95,69.95,Cameras,0
"Razer Seiren V3 Chroma RGB USB Microphone: Stream & Game Reactive Lighting - Tap-to-Mute Sensor - Condenser Mic - Digital Gain Limiter & Shock Absorber - PC, Discord, OBS Studio, XSplit - Quartz Pink",4.5,171,,134.39,134.39,Phones,0
Escort MAX 360c Radar Detector with Extra Mount & OBDII Cord Bundle,4.4,1465,50,569.95,569.95,Other Electronics,0
"HP Printer Paper | 8.5 x 11 Paper | Office 20 lb | 3 Ream Case - 1500 Sheets | 92 Bright | Made in USA - FSC Certified | 112090C, White",4.8,48326,40000,19.99,21.44,Laptops,6.76
"Amazon Basics 9 inch Thermal Laminator Machine for Documents and Photos, Easy to Use for Home Office or School, White",4.6,2740,40000,20.69,29.99,Other Electronics,31.01
"Apple 20W USB-C Compact Power Adapter: Fast and Convenient Charging, Type C Wall Charger",4.8,5591,10000,13.45,13.45,Chargers & Cables,0
"Apple 2024 Mac mini Desktop Computer with M4 chip with 10â€‘core CPU and 10â€‘core GPU: Built for Apple Intelligence, 16GB Unified Memory, 256GB SSD Storage, Gigabit Ethernet. Works with iPhone/iPad",4.8,1356,5000,540.75,540.75,Laptops,0
"Logitech M185 Wireless Mouse, 2.4GHz with USB Mini Receiver, 12-Month Battery Life, 1000 DPI Optical Tracking, Ambidextrous PC/Mac/Laptop - Swift Grey",4.5,43204,10000,11.98,11.98,Laptops,0
"HP 936 Black, Cyan, Magenta, Yellow Ink Cartridges Printers (4-Pack) | Works with OfficeJet 9120, OfficeJet Pro 9110, 9120, 9130, Wide Format 9730 | Eligible for Instant Ink | 6C3Z5LN",4.6,885,10000,135,135,Laptops,0
"Samsung 990 PRO SSD NVMe M.2 PCIe Gen4, M.2 2280 Internal Solid State Hard Drive, Seq. Read Speeds Up to 7,450 MB/s for High End Computing, Gaming, and Heavy Duty Workstations, MZ-V9P2T0B/AM",4.7,14168,10000,149.99,199.99,Phones,25
"Fitbit Inspire 3 Health &-Fitness-Tracker with Stress Management, Workout Intensity, Sleep Tracking, 24/7 Heart Rate and more, Midnight Zen/Black One Size (S & L Bands Included)",4.3,20039,10000,79.95,99.95,Wearables,20.01
"Texas Instruments TI-84 Plus Graphics Calculator, Black 320 x 240 pixels (2.8"" diagonal)",4.7,18748,10000,103.99,103.99,Phones,0
"HP Original 952 Cyan, Magenta, Yellow / 952XL Black Ink Cartridges (4-Pack) | Works OfficeJet 8702 OfficeJet Pro 7700, 8210, 8700 Series | Eligible for Instant Ink | N9K28AN",4.6,2617,10000,166.62,166.62,Laptops,0
"HP 64 Black & Tri-Color Ink Cartridges for HP Printers (Combo Pack) | Works with Printer Series: Inspire 7950e; ENVY Photo 6200, 7100, 7800; Tango | Eligible for Instant Ink | X4D92AN",4.6,23765,20000,55.89,55.89,Laptops,0
"Logitech H390 Gaming Headphones, Wired Headphones with Mic, USB Headset with Microphone for PC, Noise Cancelling Microphone for Video Meetings, Music, Gaming - Black",4.3,69082,10000,15.68,15.68,Phones,0
"RCA 10.1"" WiFi Digital Picture Frame Uhale App Photo Frames Electronic HD IPS Touch Screen Display with 32GB Memory LED Lights, Support USB/SD Card, Slideshow, Instantly Share Photos Videos",4,5,,59.99,79.99,Storage,25
"Pyle Dash Cam, Rearview Mirror Monitor, Night Vision, 7.4â€ LCD Screen, Backup Camera, Slim Bar Design, Waterproof IP-69, G-Sensor, Audio Recording, 32GB Memory Slot, Universal Mount, Includes Cables",3.8,30,,139.99,139.99,Chargers & Cables,0
"myQ Smart Garage Security Camera â€“ 1080p HD Video, Night Vision, Motion Detection, Magnetic, Wi-Fi, Two-Way Audio, Smartphone Control",4.2,5284,2000,29.22,49.99,Phones,41.55
Amazon Basics 8-Sheet Cross Cut Paper Shredder and Credit Card Shredder - Black,4.4,64543,30000,30.58,33.99,Other Electronics,10.03
"Anker USB C Charger(Nano II 65W), PPS 3-Port Fast Compact Foldable Wall Charger for MacBook Pro/Air, iPad Pro, Galaxy S20, Dell XPS 13, Note 20/10+, iPhone 16/16 Pro, Steam Deck, and More",4.6,17279,10000,25.99,39.99,Laptops,35.01
"HP DeskJet 2855e Wireless All-in-One Color Inkjet Printer, Scanner, Copier, Best-for-home, 3 months of Instant Ink included, Single-band Wi-Fi connectivity (588S5A)",3.9,11214,20000,59.99,89.99,Laptops,33.34
"Sceptre New 27-inch Gaming Monitor 100Hz 1ms DisplayPort HDMI x2 100% sRGB AMD FreeSync Build-in Speakers, Eye Care Frameless Machine Black 2024 (E275W-FW100T)",4.4,7091,10000,97.97,119.97,TV & Display,18.34
Roku Streaming Stick 4K - HDR & Dolby Vision Roku Streaming Device for TV with Voice Remote & Long-Range Wi-Fi - Free & Live TV,4.7,90262,10000,33.99,33.99,TV & Display,0
"HP 63 Black Ink Cartridge for HP Printers | Works with Printer Series: DeskJet 1112, 2130, 3630; ENVY 4510, 4520; OfficeJet 3830, 4650, 5200 | Eligible for Instant Ink | F6U62AN",4.7,94058,30000,30.99,35.64,Laptops,13.05
"Amazon Basics Full Motion Articulating TV Monitor Wall Mount for 26"" to 55"" TVs and Flat Panels up to 80 Lbs, Black",4.6,51663,10000,22.99,24.58,TV & Display,6.47
"Logitech C920x HD Pro Webcam, Full HD 1080p/30fps Video, Clear Audio, HD Light Correction, PC Camera Webcam, Works with Skype, Zoom, Facetime, PC, Laptop, Mac, Tablet - Black",4.6,20903,10000,59.99,69.99,Laptops,14.29
"Canon PG-275 / CL-276 Genuine Ink Value Pack (2 Cartridges), Compatible with TS3520/3522/4722/3720/3722, TR4720",4.6,18811,20000,34.99,39.99,Cameras,12.5
"Samsung Galaxy Buds 3 Pro AI True Wireless Bluetooth Earbuds, Noise Cancelling, Sound Optimization, Redesigned Comfort Fit, Silver [US Version, Amazon Exclusive, 2Yr Warranty]",4.2,3209,10000,189.99,249.99,Phones,24
"LISEN Retractable Car Charger, 69W USB C Car Accessories Adapter for iPhone 16 USB C Charger Fast Charging,Gifts for Women Men, Travel Essentials, Truck Accessories, for iPhone 16 Pro Max 15 14 13 12",4.6,10222,10000,16.99,27.99,Phones,39.3
"Amazon Basics Dry Erase Markers For Whiteboards, Chisel Tip, Low-Odor, Assorted Colors, Pack of 12",4.6,33312,50000,6.91,6.91,Other Electronics,0
"Amazon Basics Stapler with 1000 Staples, Office Stapler, 25 Sheet Capacity, Non-Slip, Black",4.6,52607,50000,5.65,6.29,Other Electronics,10.17
"Epson EcoTank ET-2800 Wireless Color All-in-One Cartridge-Free Supertank Printer with Scan and Copy Ã¢â‚¬â€œ The Ideal Basic Home Printer - Black, Medium",4.2,13855,7000,189.99,239.99,Printers & Scanners,20.83
"HP 63XL Black High-yield Ink Cartridge | Works with HP DeskJet 1112, 2130, 3630 Series; HP ENVY 4510, 4520 Series; HP OfficeJet 3830, 4650, 5200 Series | Eligible for Instant Ink | F6U64AN",4.7,52857,10000,62.89,62.89,Laptops,0
"HP 14 Laptop, Intel Celeron N4020, 4 GB RAM, 64 GB Storage, 14-inch Micro-edge HD Display, Windows 11 Home, Thin & Portable, 4K Graphics, One Year of Microsoft 365 (14-dq0040nr, Snowflake White)",4.1,3818,10000,172.2,229.99,Laptops,25.13
"DJI Mic Mini (2 TX + 1 RX + Charging Case), Wireless Lavalier Microphone for iPhone/Camera/Android, Ultralight, Detail-Rich Audio, 48h Use, Noise Cancelling, Automatic Limiting, Vlog, Streaming",4.7,4657,10000,139.5,169,Phones,17.46
"Scotch Heavy Duty Shipping Packing Tape, Clear, Shipping and Packaging Supplies, 1.88 in. x 54.6 yd., 6 Tape Rolls",4.8,15868,30000,16.98,32.29,Other Electronics,47.41
"SanDisk 256GB Extreme microSDXC UHS-I Memory Card with Adapter - Up to 190MB/s, C10, U3, V30, 4K, 5K, A2, Micro SD Card - SDSQXAV-256G-GN6MA",4.8,126587,10000,24.99,34.99,Chargers & Cables,28.58
"HP 962 Cyan, Magenta, Yellow Ink Cartridges for HP Printers | Works with Printer Series: OfficeJet 9010, 9020 | Eligible for Instant Ink | 3YP00AN",4.6,13112,10000,85.89,85.89,Laptops,0
"Fujifilm Instax Mini Instant Film, 10 Sheets x 5 Packs (Total 50 Shoots)",4.7,3724,10000,60.5,60.5,Cameras,0
"Sony WH-1000XM4 Wireless Premium Noise Canceling Overhead Headphones with Mic for Phone-Call and Alexa Voice Control, Black WH1000XM4",4.6,60696,10000,198,348,Phones,43.1
Post-it Super Sticky Easel Pad 25 in x 30 in White 30 Sheets/Pad 2 Pad/Pack Large White Premium Self Stick Flip Chart Paper Super Sticking Power (559),4.8,6853,10000,43.87,65.99,Other Electronics,33.52
"Avery Insertable Plastic Dividers for 3 Ring Binders, 8 Tabs per Set, Big Tabs, Two Pockets, Multicolor Binder Dividers, Works with Sheet Protectors (11903)",4.8,3875,40000,4.26,5.84,Other Electronics,27.05
"PHILIPS TAT1108 Wireless Earbuds,True Wireless Headphones,Powerful Bass with 6 mm Driver,Clear Call with AI Mic,15-Hour Battery Life,Bluetooth v5.3,IPX4 Rating,Ergonomic Design for Comfort,Black",3.9,6335,500,29.99,32.72,Phones,8.34
"KODAK 10.1 Inch WiFi Digital Picture Frame,1280x800 HD IPS Touch Screen, Electronic Smart Photo Frame with 32 GB Memory, Auto-Rotate, Instantly Share Photos/Videos Anywhere",4.1,264,,85.99,85.99,TV & Display,0
"Sanus Height Adjustable Speaker Stand for Sonos Era 300â„¢ - 17"" Height Adjustment Sonos Stand Includes Carpet Spikes & Rubber Pads - Easy DIY Install Comes w/All Hardware - White",4.4,45,,179.99,179.99,Speakers,0
"HP 64XL Black High-yield Ink Cartridge for HP Printers | Works with Printer Series: ENVY Inspire 7950e; ENVY Photo 6200, 7100, 7800; Tango | Eligible for Instant Ink | N9J92AN",4.7,23337,10000,62.89,62.89,Laptops,0
"Samsung 990 EVO Plus SSD 2TB, PCIe Gen 4x4, Gen 5x2 M.2 2280, Speeds Up-to 7,250 MB/s, Upgrade Storage for PC/Laptops, HMB Technology and Intelligent Turbowrite 2.0, (MZ-V9S2T0B/AM)",4.8,5990,10000,119.99,176.99,Laptops,32.21
"HP 63 Black/Tri-color Ink (2-pack) | Works with HP DeskJet 1112, 2130, 3630 Series; ENVY 4510, 4520 Series; OfficeJet 3830, 4650, 5200 Series | Eligible for Instant Ink | L0R46AN",4.7,45015,10000,67.89,67.89,Laptops,0
"Amazon Basics Dog and Puppy Pee Pads with 5-Layer Leak-Proof Design and Quick-Dry Surface for Potty Training, Standard Absorbency, X-Large, 28 x 34 Inch - Pack of 60, Blue & White",4.5,237579,20000,26.99,26.99,Laptops,0
"HP 952 Cyan, Magenta, Yellow Ink Cartridges (3-pack) | Works with Printer Series: OfficeJet 8702, HP OfficeJet Pro 7720, 7740, 8210, 8710, 8720, 8730, 8740 | Eligible for Instant Ink | N9K27AN",4.6,18869,10000,96.89,96.89,Laptops,0
"Logitech M510 Wireless Mouse, Mouse for Laptop and PC with USB Unifying Receiver, Programmable Buttons - Graphite",4.6,33246,10000,25.98,27.99,Laptops,7.18
"Energizer Ultimate Lithium AA Batteries (8 Pack), 1.5V Lithium Double A Batteries",4.7,47221,30000,,,Power & Batteries,
Apple AirPods 2 with Charging Case - White (Renewed),4.1,16761,10000,82,96.99,Headphones,15.46
"Soundcore by Anker P20i True Wireless Earbuds, 10mm Drivers with Big Bass, Bluetooth 5.3, 30H Long Playtime, Water-Resistant, 2 Mics for AI Clear Calls, 22 Preset EQs, Customization via App",4.4,71952,10000,28.33,39.99,Laptops,29.16
"Roku Ultra - Ultimate Streaming Player - 4K Streaming Device for TV with HDR10+, Dolby Vision & Atmos - Bluetooth & Wi-Fi 6- Rechargeable Voice Remote Pro with Backlit Buttons - Free & Live TV",4.6,4543,10000,97.99,97.99,TV & Display,0
Apple USB-C Woven Charge Cable (2 m) â€‹â€‹â€‹â€‹â€‹â€‹â€‹,4.7,2665,10000,18.9,18.9,Chargers & Cables,0
"Apple 2025 MacBook Air 15-inch Laptop with M4 chip: Built for Apple Intelligence, 15.3-inch Liquid Retina Display, 16GB Unified Memory, 256GB SSD Storage, 12MP Center Stage Camera, Touch ID; Midnight",4.8,815,4000,919.08,919.08,Laptops,0
"DEWALT Heavy Duty Black Edition 2-in-1 Neckband Bluetooth Headphones w/Built-in Speakers, Jobsite Wearable Speaker & Around Neck, Wireless Headset, 60+ Hrs Hands-Free Music & Calls, Carry Pouch",4.4,1408,500,99.99,99.99,Phones,0
"Peak Design Slide Lite Camera Strap, Black, Configurable as a Sling, Neck or Shoulder Strap, Quick Release and Connection, Smooth and Grippy Side, Camera Straps for Photographers, 200 lb Capacity",4.7,7235,500,69.95,69.95,Cameras,0
"Monster Open AC601 Wireless Earbuds, Crystal Clear Call, USB-C Charging, Bluetooth 5.4 Open Earphones with ENC, IPX5 Waterproof Wireless Clip-on Earbud, 32H Playtime Earbuds (White)",4,1710,50,29.99,49.99,Phones,40.01
"Logitech G305 LIGHTSPEED Wireless Gaming Mouse, Hero 12K Sensor, 12,000 DPI, Lightweight, 6 Programmable Buttons, 250h Battery Life, On-Board Memory, PC/Mac - Black",4.6,34391,10000,24.83,24.83,Power & Batteries,0
"HP 923 Black, Cyan, Magenta, Yellow Ink Cartridges Printers | Works with Printer Series: OfficeJet 8120, OfficeJet Pro 8130 | Eligible for Instant Ink | 6C3Y6LN",4.6,1184,10000,93.89,93.89,Laptops,0
"Apple AirPods Max Wireless Over-Ear Headphones, Pro-Level Active Noise Cancellation, Transparency Mode, Personalized Spatial Audio, USB-C Charging, Bluetooth Headphones for iPhone - Midnight",4.6,2039,6000,549.15,549.15,Phones,0
"APC UPS Battery Backup and Surge Protector, 600VA/330 Watts Backup Battery Power Supply, BE600M1 Back-UPS with USB Charger Port",4.5,35746,10000,89,89,Chargers & Cables,0
Amazon Basics 24 Count AA & AAA High-Performance Alkaline Batteries Value Pack - 12 Double AA Batteries and 12 Triple AAA Batteries,4.7,36633,30000,10.35,11.87,Laptops,12.81
"Scotch Thermal Laminating Pouches, 200 Count, Clear, 3 mil., Ideal Office or School Supplies, Fits Letter Sized Paper (8.9 in. Ã— 11.4 in.)",4.9,28281,20000,24.99,43.29,Other Electronics,42.27
"Xbox Wireless Gaming Controller (2025) â€“ Carbon Black â€“ Play on Xbox, Windows, Android, iOS, FireTV Sticks, Smart TVs, VR Headsets",4.6,25104,10000,54,64.99,Phones,16.91
"Fitbit Charge 6 Fitness Tracker with Google apps, Heart Rate on Exercise Equipment, 6-Months Premium Membership Included, GPS, Health Tools and More, Obsidian/Black, One Size (S & L Bands Included)",4.1,8639,9000,119.95,159.95,Wearables,25.01
"Scotch TL901X Thermal Laminator, 1 Laminating Machine, Gray, Laminate School Assignments and Documents, for Dorm Room or School Supplies, 9 in.",4.7,59612,20000,39.99,45.79,Other Electronics,12.67
"Anker Power Bank(PowerCore 10K),Compact Travel-Ready 10,000mAh Battery Pack with PowerIQ Charging Technology,5V/3A High-Speed Charging for iPhone,iPad,and More (USB-C Input and Outputï¼ˆBlackï¼‰ï¼Œ1pack)",4.5,110456,10000,20.79,20.79,Laptops,0
"SAMSUNG T7 Portable SSD, 1TB External Solid State Drive, Speeds Up to 1,050MB/s, USB 3.2 Gen 2, Reliable Storage for Gaming, Students, Professionals, MU-PC1T0T/AM, Gray",4.7,35827,10000,79.99,109.99,Phones,27.28
"BIC Xtra Strong Mechanical Pencils with Erasers, Thick Point (0.9mm), 24-Count, Mechanical Pencils for School or Office Supplies",4.8,23494,40000,4.47,8.99,Other Electronics,50.28
"Razer Seiren V3 Chroma RGB USB Microphone: Stream & Game Reactive Lighting - Tap-to-Mute Sensor - Condenser Mic - Digital Gain Limiter & Shock Absorber - PC, Discord, OBS Studio, XSplit - Quartz Pink",4.5,171,,134.39,134.39,Phones,0
"Fila Smart Watch for Men Women (Answer/Make Calls), 1.95"" Fitness Watch with Heart Rate/Sleep Monitor, Step Counter, Fitness Tracker with 100+ Sports for Android iOS",4.7,63,,49.99,79.99,Phones,37.5
"TRANSFORMERS Wireless Earbuds Bluetooth 5.4 Open Ear Earbuds Over The Ear Earphones with Ear Hooks,60H Playtime,IPX5 Waterproof,Dual Mic Clear Call,for Running Workout,TF-T07 Sliver-Optimus Prime",4.2,154,200,23.99,32.99,Phones,27.28
"APC UPS 1500VA UPS Battery Backup and Surge Protector, BX1500M Backup Battery Power Supply, AVR, Dataline Protection",4.4,12343,8000,184.99,184.99,Power & Batteries,0
"Soundcore Anker Life Q20 Hybrid Active Noise Cancelling Headphones, Wireless Over Ear Bluetooth Headphones, 60H Playtime, Hi-Res Audio, Deep Bass, Foam Ear Cups, Travel, Office, USB-C Charging",4.5,89633,10000,43.09,43.09,Laptops,0
"Amazon Basics 2 Slice Toaster, With 6 Browning Settings, Extra Wide Slots For Bagels and Special Breads, Removable Easy-to-Clean Crumb Tray, Cancel/Defrost/Bagel Buttons, 900W, Black & Silver",4.3,37051,20000,23.74,23.74,Other Electronics,0
"Philips 22 inch Class Thin Full HD (1920 x 1080) Monitor, 100Hz Refresh Rate, VESA, HDMI x1, VGA x1, LowBlue Mode, Adaptive Sync, 4 Year Advance Replacement Warranty, 221V8LB",4.6,7425,10000,67.2,67.2,TV & Display,0
"SanDisk 128GB Ultra Flair USB 3.0 Flash Drive - SDCZ73-128G-G46, black",4.6,195798,10000,13.29,13.29,Storage,0
"Beats Studio Pro - Wireless Bluetooth Noise Cancelling Headphones - Personalized Spatial Audio, USB-C Lossless Audio, Apple & Android Compatibility, Up to 40 Hours Battery Life - Sandstone",4.5,22266,7000,171.13,171.13,Phones,0
"HP 58A Black Toner Cartridge | Works with HP LaserJet Enterprise M406 Series, MFP M430 Series, Pro M404 Series, M428 Series | CF258A",4.7,2965,7000,146.89,146.89,Laptops,0
"acer KB272 G0bi 27"" IPS Full HD (1920 x 1080) Gaming Office Monitor | Adaptive-Sync Support (FreeSync Compatible) | Up to 120Hz Refresh | 1ms (VRB) | sRGB 99% | Tilt | HDMI & VGA Ports",4.4,1101,9000,108.99,149.99,Laptops,27.34
"HP 67XL Tri-color High-yield Ink Cartridge for HP Printers | Works with Printer Series: DeskJet 1255, 2700, 4100; ENVY 6000, 6400 | Eligible for Instant Ink | 3YM58AN",4.7,27903,10000,36.89,36.89,Laptops,0
"TP-Link Deco X55 AX3000 WiFi 6 Mesh System - Covers up to 6500 Sq.Ft, Replaces Wireless Router and Extender, 3 Gigabit Ports per Unit, Supports Ethernet Backhaul, Deco X55(3-Pack)",4.4,15196,9000,139.99,199.99,Networking,30
"Amazon Basics 12-Pack C Cell Alkaline All-Purpose Batteries, 1.5 Volt, 5-Year Shelf Life",4.7,151397,30000,13.47,13.47,Power & Batteries,0
"SanDisk 256GB Ultra microSDXC UHS-I Memory Card with Adapter - Up to 150MB/s, C10, U1, Full HD, A1, MicroSD Card - SDSQUAC-256G-GN6MA [New Version]",4.7,219712,10000,19.99,25.99,Chargers & Cables,23.09
Nintendo Switchâ„¢ with Neon Blue and Neon Red Joyâ€‘Conâ„¢,4.7,9318,,297.77,339.99,Gaming,12.42
"EPSON 822 DURABrite Ultra Ink High Capacity Black & Standard Color Cartridge Combo Pack (T822XL-BCS) Works with WorkForce Pro WF-3820, WF-3823, WF-4820, WF-4830, WF-4833, WF-4834",4.6,4889,10000,87.39,87.39,Other Electronics,0
"TP-Link AX1800 WiFi 6 Router V4 (Archer AX21) â€“ Dual Band Wireless Internet, Gigabit, Easy Mesh, Works with Alexa - A Certified for Humans Device, Free Expert Support",4.4,22417,10000,54.98,99.99,Smart Home,45.01
"HP 62 Black/Tri-color Ink Cartridges for HP Printers (2-pack) | Works with Printer Series: ENVY 5540, 5640, 5660, 7640, OfficeJet 5740, 8040, OfficeJet Mobile 200, 250 | N9H64FN",4.7,27222,10000,54.89,54.89,Laptops,0
"Mounting Dream UL Listed TV Mount for Most 37-75 Inch TV, Universal Tilt TV Wall Mount Fit 16"", 18"", 24"" Stud with Loading Capacity 132lbs, Max Vesa 600 x 400mm, Low Profile Flat Wall Mount Bracket",4.7,111424,10000,29.99,35.99,TV & Display,16.67
"Apple iPhone 12, 64GB, Black - Fully Unlocked (Renewed)",4.1,32198,7000,,,Phones,
"Brother Genuine TN760 High Yield Black Toner Cartridge, (For use with MFC-L2710DW MFC-L2750DW HL-L2350DW HL-L2370DW HL-L2395DW HL-L2390DW DCP-L2550DW Printers)",4.7,33424,10000,91.9,91.9,Printers & Scanners,0
"Beats Studio Buds + | True Wireless Noise Cancelling Earbuds, Enhanced Apple & Android Compatibility, Built-in Microphone, Sweat Resistant Bluetooth Headphones, Spatial Audio - Black/Gold",4.1,5263,8000,92.95,92.95,Phones,0
"Beats Powerbeats Pro 2 Wireless Bluetooth Earbuds - Noise Cancelling, Heart Rate Monitor, IPX4, Up to 45H Battery & Charging Case, Works with Apple & Android - Jet Black",4.1,2120,8000,249.95,249.95,Phones,0
"Amazon Basics 10 Security-Tinted Self-Seal Business Letter Envelopes, Peel & Seal Adhesive Closure, White, 500-Pack",4.8,17025,20000,18.99,18.99,Other Electronics,0
"AMD Ryzen 7 7800X3D 8-Core, 16-Thread Desktop Processor",4.8,5729,5000,359,449,Laptops,20.04
"Logitech MK345 Wireless Keyboard and Mouse Combo with Palm Rest, 2.4 GHz USB Receiver, Compatible with PC, Laptop, Black",4.4,40618,10000,22.66,22.66,Laptops,0
"acer 7-in-1 Wireless Charging Station: Charger Stand for Multiple Devices for Apple - iPhone 16 15 14 13 12 Pro Max Apple Watch Airpods, Wireless Charger iPhone Charging Station with Bluetooth TimeSyn",4.3,598,5000,44.98,76.99,Laptops,41.58
"acer 311 Chromebook 2025 Flagship Slim Light Laptop, 11.6"" HD Display, Dual-Core Intel N4500 Processor (Upto 2.80GHz), 4GB RAM, 64GB eMMC, Wi-Fi 5, Webcam 8+ Hrs Battery, Chrome OS +HubxcelAccessory",4.2,69,50,229,229,Laptops,0
"KODAK 10.1 Inch WiFi Digital Picture Frame,1280x800 HD IPS Touch Screen, Electronic Smart Photo Frame with 32 GB Memory, Auto-Rotate, Instantly Share Photos/Videos Anywhere",4.1,264,,85.99,85.99,TV & Display,0
"HP 64XL Tri-color High-yield Ink Cartridge for HP Printers | Works with Printer Series: ENVY Inspire 7950e; ENVY Photo 6200, 7100, 7800; Tango | Eligible for Instant Ink | N9J91AN",4.7,18697,10000,68.89,68.89,Laptops,0
"Amazon Basics Wide Ruled Lined Writing Note Pads, 8.5 inch x 11.75 inch, White, 12 Count (12 Pack of 50)",4.7,113740,30000,11.72,11.72,TV & Display,0
"CyberPower CP1500PFCLCD PFC Sinewave UPS Battery Backup and Surge Protector, 1500VA/1000W, 12 Outlets, AVR, Mini Tower; UL Certified",4.5,14563,6000,239.95,239.95,Power & Batteries,0
"Duracell Coppertop AA Batteries with Power Boost Ingredients, 20 Count Pack Double A Battery with Long-lasting Power, Alkaline AA Battery for Household and Office Devices",4.8,109009,20000,17.85,18.99,Power & Batteries,6
Texas Instruments TI-Nspire CX II Color Graphing Calculator with Student Software (PC/Mac) White 3.54 x 7.48,4.6,3826,7000,148,165,Other Electronics,10.3
"Apple iPhone 14, 128GB, Midnight - Unlocked (Renewed)",4.1,6157,5000,,,Phones,
"HP 61 Black Ink Cartridge | Works with Printer Series: DeskJet 1000, 1010, 1050, 1510, 2050, 2510, 2540, 3000, 3050, 3510; ENVY 4500, 5530; OfficeJet 2620, 4630 | Eligible for Instant Ink | CH561WN",4.7,67513,20000,28.89,28.89,Laptops,0
"Amazon Basics Hanging Organizer File Folders for Efficient Filing, Sturdy, Adjustable Tabs, Letter Size, Pack of 25, Green",4.7,89487,20000,9.27,13.33,Other Electronics,30.46
"Powermax 24-Count Double AA Batteries, Ultra Long Lasting Alkaline Battery for Home and Office, 10-Year Shelf Life, Reclosable Packaging",4.6,18220,40000,7.11,7.79,Power & Batteries,8.73
"Apple Pencil (2nd Generation): Device Compatibility Check Required - Pixel-Perfect Precision, Perfect for Note-Taking, Drawing, and Signing documents. Attaches, Charges, and Pairs magnetically.",4.7,94055,10000,77.42,77.42,Phones,0
"HP 148A Black Laserjet Toner Cartridge | This Cartridge Works Laserjet Pro 4001, MFP 4101 | W1480A",4.7,549,7000,140.89,140.89,Laptops,0
"HP 962XL Black High-yield Ink Cartridge for HP Printers | Works with Printer Series: OfficeJet 9010, Pro 9010, 9020 | Eligible for Instant Ink | 3JA03AN",4.7,12972,10000,63.89,63.89,Laptops,0
"Baseus 2 Pack 65W USB C Charger Block, PPS 3-Port Fast Compact Foldable USB C Charger for MacBook, iPad Pro, Galaxy S24, iPhone 16/15 and More Series",4.8,65,1000,29.99,49.99,Laptops,40.01
"Sanus Height Adjustable Speaker Stand for Sonos Era 300â„¢ - 17"" Height Adjustment Sonos Stand Includes Carpet Spikes & Rubber Pads - Easy DIY Install Comes w/All Hardware - White",4.4,45,,179.99,179.99,Speakers,0
"Peak Design Slide Lite Camera Strap, Black, Configurable as a Sling, Neck or Shoulder Strap, Quick Release and Connection, Smooth and Grippy Side, Camera Straps for Photographers, 200 lb Capacity",4.7,7235,500,69.95,69.95,Cameras,0
"Powermax 24-Count Triple AAA Batteries, Ultra Long Lasting Alkaline Battery for Home and Office, 10-Year Shelf Life, Reclosable Packaging",4.6,25884,40000,6.99,6.99,Power & Batteries,0
"HP 65 Black/Tri-color Ink Cartridges for HP Printers (2-pack) | Works with Printer Series: AMP 100, DeskJet 2600, 3700, ENVY 5000 | Eligible for Instant Ink | T0A36AN",4.7,40282,10000,43.89,43.89,Laptops,0
Apple Magic Mouse - White Multi-Touch Surface â€‹â€‹â€‹â€‹â€‹â€‹â€‹,4.6,19802,10000,59.57,59.57,Laptops,0
"Logitech MK540 Advanced Wireless Keyboard and Mouse Combo for Windows, 2.4 GHz Unifying USB-Receiver, Multimedia Hotkeys, 3-Year Battery Life, for PC, Laptop",4.4,1729,10000,46.01,46.01,Laptops,0
"Sony WH-CH720N Noise Canceling Wireless Headphones Bluetooth Over The Ear Headset with Microphone and Alexa Built-in, Black New",4.4,11704,10000,,,Phones,
"Scotch Thermal Laminating Pouches, 100 Count, Clear, 5 mil, Laminate Business Cards, Small Banners, Essays, Office or School Supplies, Fits Letter Size 8.9x11.4 in Paper",4.9,9929,10000,23.5,30,Other Electronics,21.67
Apple AirPods Pro Wireless Earbuds with MagSafe Charging Case (Renewed),3.8,2913,10000,,,Headphones,
"SanDisk 1TB Extreme Portable SSD - Up to 1050MB/s, USB-C, USB 3.2 Gen 2, IP65 Water and Dust Resistance, Updated Firmware - External Solid State Drive - SDSSDE61-1T00-G25",4.6,80952,10000,103.9,129.99,Storage,20.07
"Amazon Basics 12-Pack D Cell Alkaline All-Purpose Batteries, 1.5 Volt, 5-Year Shelf Life",4.7,129016,20000,17.49,17.49,Power & Batteries,0
"BIC Round Stic Xtra Life Ballpoint Pen, Ultra Long Lasting and Consistent Ink Flow, 60-Count in Black Ink",4.7,114733,30000,6.74,6.74,Other Electronics,0
"HP 64 Black Ink Cartridge for HP Printers | Works with Printer Series: ENVY Inspire 7950e; ENVY Photo 6200, 7100, 7800; Tango | Eligible for Instant Ink | N9J90AN",4.6,33075,10000,25.89,25.89,Laptops,0
Dell 65W USB-C Laptop Charger for XPS and Latitude 5000 - Power Cord Included,4.5,2171,10000,23.29,23.29,Laptops,0
"ASUS Vivobook Ultrathin Go Laptop 2024Newest, 14'' FHD Display, Dual-Core Intel Celeron N4500 (Upto 2.80GHz), 4GB RAM, 128GB (64GB eMMC+64GB SD), Webcam, Long Battery, Windows 11S +MarxsolAccessory",2.8,14,,229,229,Laptops,0
"Fila Smart Watch for Men Women (Answer/Make Calls), 1.95"" Fitness Watch with Heart Rate/Sleep Monitor, Step Counter, Fitness Tracker with 100+ Sports for Android iOS",4.7,63,,49.99,79.99,Phones,37.5
"Razer Seiren V3 Chroma RGB USB Microphone: Stream & Game Reactive Lighting - Tap-to-Mute Sensor - Condenser Mic - Digital Gain Limiter & Shock Absorber - PC, Discord, OBS Studio, XSplit - Quartz Pink",4.5,171,,134.39,134.39,Phones,0
"KODAK 10.1 Inch WiFi Digital Picture Frame,1280x800 HD IPS Touch Screen, Electronic Smart Photo Frame with 32 GB Memory, Auto-Rotate, Instantly Share Photos/Videos Anywhere",4.1,264,,85.99,85.99,TV & Display,0
"DYMO LetraTag LT-100H Handheld Aesthetic Label Maker | ABC Keyboard Label Printer with Easy-to-Use, 13 Character LCD Screen | Great for Home & Office Organization | Pink (New)",4.6,43940,1000,29.99,29.99,TV & Display,0
"Sanus Height Adjustable Speaker Stand for Sonos Era 300â„¢ - 17"" Height Adjustment Sonos Stand Includes Carpet Spikes & Rubber Pads - Easy DIY Install Comes w/All Hardware - White",4.4,45,,179.99,179.99,Speakers,0
"TP-Link AC1900 WiFi Range Extender RE550 | Dual-Band Wireless Repeater Amplifier w/Gigabit Ethernet Port | Up to 2200 Sq. Ft., 32 Devices | Internet Signal Booster | APP Setup | EasyMesh Compatible",4.4,17726,10000,49.99,79.99,Networking,37.5
"HP 65 Black Ink Cartridge for HP Printers | Works with Printer Series: AMP 100, DeskJet 2600, 3700; ENVY 5000 | Eligible for Instant Ink | N9K02AN",4.7,92678,20000,22.89,22.89,Laptops,0
"Avery Easy Peel Printable Address Labels with Sure Feed, 1"" x 2-5/8"" Customizable Stickers, White, 3,000 Blank Mailing Labels, Great for Mailing, Shipping, and More (5160)",4.8,20128,10000,26.99,26.99,Other Electronics,0
"Acer USB Hub 4 Ports, Multiple USB 3.0 Hub, USBA Splitter for Laptop with Type C Power Port, Extender for A Port Laptop, PC, Desktop and More (2ft)",4.6,8570,10000,9.98,22.99,Laptops,56.59
"Amazon Basics 2.4 Ghz Wireless Optical Computer Mouse with USB Nano Receiver, Black",4.5,61499,10000,11.99,11.99,Other Electronics,0
"HP 62XL Black High-yield Ink Cartridges for HP Printers | Works with Printer Series: ENVY 5540, 5640, 5660, 7640, OfficeJet 5740, 8040, OfficeJet Mobile 200, 250 | Instant Ink | C2P05AN",4.7,28081,10000,57.99,57.99,Laptops,0
"Bose QuietComfort Bluetooth Headphones, Wireless Headphones with Active Over Ear Noise Cancelling and Mic, Deep Bass, Up to 24 Hours of Playtime, Black",4.6,12875,5000,228,228,Phones,0
"HP 952XL Black High-yield Ink Cartridge for HP Printers | Works with HP OfficeJet 8702; HP OfficeJet Pro 7720, 7740, 8210, 8216, 8710, 8715, 8720, 8725, 8730, 8740 | Eligible for Instant Ink | F6U19AN",4.7,21145,10000,70.89,70.89,Laptops,0
"HP Color Laserjet Pro MFP 3301sdw Wireless All-in-One Color Laser Printer, Scanner, Copier, Best-for-Office (499Q3F)",4.2,496,4000,539,539,Laptops,0
"JBL FLIP 5, Waterproof Portable Bluetooth Speaker, Black, Small",4.8,81751,10000,84.99,84.99,Speakers,0
"HP 206X Black High-yield Toner Cartridge | Works with HP Color LaserJet Pro M255, HP Color LaserJet Pro MFP M282, M283 Series | W2110X, Pack of 1, Black",4.7,2919,7000,129.89,129.89,Laptops,0
"HP 902XL Black High-yield Ink Cartridge for HP Printers | Works with Printer Series: OfficeJet 6954, 6958, 6962, OfficeJet Pro 6968, 6975,, 6978 | Eligible for Instant Ink | T6M14AN",4.6,28351,10000,57.89,78,Laptops,25.78
"Peak Design Slide Lite Camera Strap, Black, Configurable as a Sling, Neck or Shoulder Strap, Quick Release and Connection, Smooth and Grippy Side, Camera Straps for Photographers, 200 lb Capacity",4.7,7235,500,69.95,69.95,Cameras,0
"Razer Seiren V3 Chroma RGB USB Microphone: Stream & Game Reactive Lighting - Tap-to-Mute Sensor - Condenser Mic - Digital Gain Limiter & Shock Absorber - PC, Discord, OBS Studio, XSplit - Quartz Pink",4.5,171,,134.39,134.39,Phones,0
"Fila Smart Watch for Men Women (Answer/Make Calls), 1.95"" Fitness Watch with Heart Rate/Sleep Monitor, Step Counter, Fitness Tracker with 100+ Sports for Android iOS",4.7,63,,49.99,79.99,Phones,37.5
"DJI Mini 3 Fly More Combo (DJI RC), Drones with Camera for Adults 4K, 3 Batteries for 114-min Flight Time, Vertical Shooting, 32800ft (10km) Video Transmission, Lightweight Mini Drone for Beginners",4.5,4841,3000,659,719,Cameras,8.34
"DJI Mini 4K, Drone with 4K UHD Camera for Adults, Under 249 g, 3-Axis Gimbal Stabilization, 10km Video Transmission, Auto Return, Wind Resistance, 1 Battery for 31-Min Max Flight Time, Intelligent Flight",4.6,17686,7000,399,399,Laptops,0
"Apple iPad mini (A17 Pro): Apple Intelligence, 8.3-inch Liquid Retina Display, 128GB, Wi-Fi 6E, 12MP Front/12MP Back Camera, Touch ID, All-Day Battery Life â€” Space Gray",4.7,1527,3000,383.93,383.93,Laptops,0
"HP OfficeJet Pro 9125e All-in-One Printer, Color, Printer-for-Small Medium Business, Print, Copy, scan, fax,Touchscreen; Smart Advance Scan, 3 month Instant Ink trial included",3.6,2411,6000,209.99,299.89,Laptops,29.98
"TP-Link TL-SG105, 5 Port Gigabit Unmanaged Ethernet Switch, Network Hub, Ethernet Splitter, Plug & Play, Fanless Metal Design, Shielded Ports, Traffic Optimization",4.7,133194,10000,12.99,24.99,Networking,48.02
"HP Original 67 Tri-Color / 67XL Black Ink Cartridges (2-Pack) | Works DeskJet 1255, 2700, 4100 Series Envy 6000, 6400 Series | Eligible for Instant Ink | 3YP30AN",4.7,4018,10000,51.92,51.92,Laptops,0
Texas Instruments TI-Nspire CX II CAS Color Graphing Calculator with Student Software (PC/Mac),4.6,8952,6000,151.99,175,Other Electronics,13.15
"Amazon Basics Classic Puresoft PU Padded Mid-Back Height Adjustable Office Computer Desk Chair with Armrest, 26""D x 23.75""W x 42""H, Black",4.2,38911,8000,79.96,79.96,Other Electronics,0
"Epson EcoTank ET-4800 Wireless All-in-One Cartridge-Free Supertank Printer with Scanner, Copier, Fax, ADF and Ethernet â€“ Ideal-for Your Home Office, White",4,4527,5000,259.99,299.99,Networking,13.33
Texas Instruments TI-36X Pro Engineering/Scientific Calculator | 9.7 Inch | Black.,4.8,22149,10000,20.73,25,Other Electronics,17.08
"Sony WH-1000XM6 The Best Wireless Noise Canceling Headphones, HD NC Processor QN3, 12 Microphones, Adaptive NC Optimizer, Mastered by Engineers, Studio-Quality, 30-Hour Battery, Black",4.4,723,4000,448,448,Phones,0
"Amazon Basics Surge Protector Power Strip, 6-Outlet, 790 Joules, LED Indicator, 6ft Extension Cord, White",4.8,43285,10000,10.14,10.14,TV & Display,0
"RCA 10.1"" WiFi Digital Picture Frame Uhale App Photo Frames Electronic HD IPS Touch Screen Display with 32GB Memory LED Lights, Support USB/SD Card, Slideshow, Instantly Share Photos Videos",4,5,,59.99,79.99,Storage,25
"DYMO LabelManager 160 Portable Label Maker Bundle, Easy-to-Use, One-Touch Smart Keys, QWERTY Keyboard, Large Display, For Home & Office Organization, Includes 3 D1 label cassettes",4.6,30942,4000,59.22,59.22,TV & Display,0
"LISEN Retractable Car Charger, 69W USB C Car Accessories Adapter for iPhone 16 USB C Charger Fast Charging,Gifts for Women Men, Travel Essentials, Truck Accessories, for iPhone 16 Pro Max 15 14 13 12",4.6,10222,10000,16.99,27.99,Phones,39.3
"Amazon Basics 3-Button USB Wired Mouse with Scrolling and Tracking - Standard, Black",4.6,88282,10000,6.75,6.75,Other Electronics,0
"Fitbit Versa 4 Fitness Smartwatch with Daily Readiness, GPS, 24/7 Heart Rate, 40+ Exercise Modes, Sleep Tracking and more, Black/Graphite, One Size (S & L Bands Included)",4.3,15877,6000,149.95,199.95,Wearables,25.01
"Duracell Coppertop D Batteries, 8 Count Pack, D Battery with Long-lasting Power, All-Purpose Alkaline D Battery for Household and Office Devices",4.8,34183,10000,16.98,18.99,Power & Batteries,10.58
"Lasko Wind Machine Fan, Air Circulator Fan with 3 Speeds, 20"" Model 3300, Gray",4.4,16987,10000,39.97,39.97,Other Electronics,0
"Energizer CR2032 Lithium 3V Coin Batteries for Watches, AirTags, Key Fobs, Small Electronics (10 Pack)",4.8,3688,20000,13.53,13.53,Wearables,0
"DJI Osmo Mobile 7P Gimbal Stabilizer for iPhone, Android, Native Tracking, Lighting, 3-Axis Phone Gimbal, Quick Launch, One-Tap Edit, Built-in Extension Rod & Tripod, 10hrs Use, Phone Charging",4.6,2246,7000,145,145,Phones,0
"Brother P-Touch, PTD210, Easy-to-Use Label Maker Bundle (4 Label Tapes Included), White, Small",4.6,3398,10000,59.99,59.99,Other Electronics,0
"Amazon Kindle Paperwhite 16GB (newest model) â€“ Our fastest Kindle ever, with new 7"" glare-free display, and weeks of battery life â€“ Without lockscreen ads â€“ Black",4.6,10602,,179.99,179.99,TV & Display,0
"Anker Portable Charger, 10,000mAh 30W Power Bank, USB-C in and Out Fast Charging Battery Pack, Travel Essential Phone Power Bank, for iPhone 16/15, iPad, MacBook, Galaxy, Google, and More",4.6,8134,10000,14.49,14.49,Laptops,0
"Crucial P310 1TB 2280 PCIe Gen4 3D NAND NVMe M.2 SSD â€“ Up to 7,100 MB/s â€“ Shift up to Gen4, with Acronis Offer, Internal Solid State Drive (PC) â€“ CT1000P310SSD801",4.7,3470,9000,64.99,97.99,Storage,33.68
"Energizer AA Batteries, MAX Double A Battery Alkaline, 24 Count",4.8,32954,10000,16.49,21.98,Power & Batteries,24.98
"Canon Pixma MG3620 Wireless All-in-One Color Inkjet Printer with Mobile and Tablet Printing, Black",3.9,30709,10000,54,86.99,Cameras,37.92
"Duracell Coppertop AAA Batteries with Power Boost Ingredients, 20 Count Pack Triple A Battery with Long-lasting Power, Alkaline AAA Battery for Household and Office Devices",4.8,88458,20000,16.99,16.99,Power & Batteries,0
"Energizer 2032 Batteries (6 Pack), 3V Lithium Coin Batteries",4.8,132059,30000,11.99,11.99,Other Electronics,0
"HP Chromebook 14 Laptop, Intel Celeron N4120, 4 GB RAM, 64 GB eMMC, 14"" HD Display, Chrome OS, Thin Design, 4K Graphics, Long Battery Life, Ash Gray Keyboard (14a-na0226nr, 2022, Mineral Silver)",4.3,2197,5000,174.06,174.06,Laptops,0
"Garmin VÃ­voactive 5, Health and Fitness GPS Smartwatch, AMOLED Display, Up to 11 Days of Battery, Slate Aluminum Bezel with Black Case and Silicone Band",4.4,6705,6000,215.82,299.99,TV & Display,28.06
"Scotch Magic Tape with Scotch Desktop Dispenser, 6 Rolls of 3/4"" x 1000"" Each Plus 1 Desktop Tape Dispenser, Great for Repair, Wrapping and Office Applications",4.8,21475,10000,12.41,24.49,Other Electronics,49.33
"SAMSUNG T9 Portable SSD 4TB, USB 3.2 Gen 2x2 External Solid State Drive, Seq. Read Speeds Up to 2,000MB/s for Gaming, Students and Professionals,MU-PG4T0B/AM, Black (pack of 1)",4.6,1951,3000,279.99,439.99,Phones,36.36
"DJI Osmo Pocket 3 Creator Combo, Vlogging Cameras with 1'' CMOS, 4K/120fps Vlog Camera, 3-Axis Stabilization, Face/Object Tracking, Mic Included for Clear Sound, Digital Vlogging Camera for YouTube",4.6,3915,2000,968,968,Cameras,0
"HP 902 Cyan, Magenta, Yellow Ink Cartridges for HP Printers | Works with Printer Series: OfficeJet 6950, 6960; OfficeJet Pro 6960, 6970 | Eligible for Instant Ink | T0A38AN",4.6,21264,10000,54.89,54.89,Laptops,0
"HP 206A Black Toner Cartridge | Works with HP Color LaserJet Pro M255, HP Color LaserJet Pro MFP M282, M283 Series | W2110A , 1 Count ( Pack of 1)",4.7,4883,8000,84.89,84.89,Laptops,0
"Samsung PRO Plus microSD Memory Card + Adapter, 512GB microSDXC, Up to 180 MB/s, Full HD & 4K UHD, UHS I, C10, U3, V30, A2, for Android Smartphones, Tablets, GoPRO, and DJI Drone (MB MD512SA/AM)",4.7,11279,7000,34.99,61.99,Phones,43.56
"Avery Easy Peel Printable Address Labels with Sure Feed, 1"" x 2-5/8"" Customizable Stickers, White, 750 Blank Mailing Labels, Great for Mailing, Shipping, and More (8160)",4.8,19590,20000,10.24,17.14,Other Electronics,40.26
"Sony WH-CH520 Wireless Headphones Bluetooth On-Ear Headset with Microphone and up to 50 Hours Battery Life with Quick Charging, Black",4.5,23655,10000,,,Phones,
"Listerine Cool Mint Antiseptic Mouthwash, Daily Oral Rinse Kills 99% of Germs that Cause Bad Breath, Plaque and Gingivitis for a Fresher, Cleaner Mouth, Cool Mint Flavor, 1.5 L",4.8,26634,20000,7.98,10.7,Other Electronics,25.42
"Samsung Type-C USB Flash Drive, 256GB, Transfers 4GB Files in 11 Secs w/Up to 400MB/s USB 3.2 Gen 1 Read Speeds, Compatible w/USB 3.0/2.0, Waterproof, 2022, Blue, MUF-256DA/AM",4.6,14533,10000,21.49,32.99,Phones,34.86
"HP Stream 14"" HD BrightView Laptop, Intel Celeron N4120, 16GB RAM, 288GB Storage (128GB eMMC + 160GB Docking Station Set), Intel UHD Graphics, 720p Webcam, Wi-Fi, 1 Year Office 365, Win 11 S, Silver",4.2,1245,3000,309,399,Laptops,22.56
"3M N95 Respirator 8511, Cool Flow Valve, 10 Pack, NIOSH-APPROVED, Advanced Filter Media For Easy Breathing, Comfortable For Long Periods Of Wear, Helps Filter Pollen, Mold Spores & Dust (8511PB1-A-PS)",4.6,15567,10000,20.53,21.99,Other Electronics,6.64
"Amazon Basics Sturdy and Portable Ergonomic Laptop Stand for Desk, Adjustable Riser, Fits all Laptops and Notebooks up to 17.3 Inch, Silver, 10 x 8.7 x 6 in",4.6,2131,10000,24.22,29.96,Laptops,19.16
"Duracell - CopperTop AA Alkaline Batteries - Long Lasting, All-Purpose Double A Battery for Household and Business, 4 Batteries, Power Remotes, Toys, and More, Reliable and Trustworthy",4.8,8085,30000,4.97,6.59,Power & Batteries,24.58
"TP-Link AXE5400 Tri-Band WiFi 6E Router (Archer AXE75)- Gigabit Wireless Internet for Gaming, VPN, OneMesh, WPA3",4.3,4388,6000,149.99,199.99,Networking,25
"Canon PG-275 Genuine Black Ink Cartridge, Compatible with TS3520/3522, TR4720/4722, TS3720/3722",4.6,12469,10000,16.99,17.99,Cameras,5.56
"Skullcandy Jib Wired Earbuds with 3.5mm Plug, Noise Isolating Fit, Built-In Microphone Call and Track Control, Convenient for Travel - Black",4.4,16532,10000,7.41,9.99,Phones,25.83
"HP 65XL Black High-yield Ink Cartridge for HP Printers | Works with Printer Series: AMP 100, DeskJet 2600, 3700; ENVY 5000 | Eligible for Instant Ink | N9K04AN",4.7,28920,10000,45.89,45.89,Laptops,0
"DJI Osmo Mobile SE, 3-Axis Phone Gimbal for iPhone, Android, Built-in Tripod, Selfie Stick, Gimbal Stabilizer for iphone, Andriod, ActiveTrack 6.0, Vlogging Stabilizer for Youtube, TikTok, Travel",4.5,10065,8000,65,69,Phones,5.8
"ASUS The SFF-Ready Prime GeForce RTXâ„¢ 5070 12GB GDDR7 Graphics Card (PCIeÂ® 5.0, 12GB GDDR7, HDMIÂ®/DP 2.1, 2.5-Slot, Axial-tech Fans, Dual BIOS)",4.6,1228,2000,549.99,609.99,Laptops,9.84
"Soundcore P30i by Anker Noise Cancelling Earbuds, Strong and Smart Noise Cancelling, Powerful Bass, 45H Playtime, 2-in-1 Case and Phone Stand, IP54, Wireless Earbuds, Bluetooth 5.4 (Black)",4.4,11806,10000,25.07,25.07,Laptops,0
"HP 414A Yellow Toner Cartridge | Works with HP Color LaserJet Enterprise M455dn, MFP M480f; HP Color LaserJet Pro M454 Series, HP Color LaserJet Pro MFP M479 Series | W2022A",4.8,2169,4000,150.89,150.89,Laptops,0
"Texas Instruments BA II Plus Financial Calculator, Black Medium",4.6,21257,7000,32.99,41.81,Other Electronics,21.1
CORSAIR VENGEANCE LPX DDR4 RAM 32GB (2x16GB) 3200MHz CL16-20-20-38 1.35V Intel AMD Desktop Computer Memory - Black (CMK32GX4M2E3200C16),4.8,17000,7000,78.99,88.99,Laptops,11.24
"Brother HL-L2460DW Wireless Compact Monochrome Laser Printer with Duplex, Mobile Printing, Black & White Output | Includes Refresh Subscription Trial(1), Works with Alexa",4.1,1742,4000,179.99,179.99,Smart Home,0
"NETGEAR Nighthawk Modem Router Combo (CAX30) DOCSIS 3.1 Cable Modem and WiFi 6 Router - AX2700 2.7 Gbps - Compatible with Xfinity, Spectrum, Cox, and More - Gigabit Wireless Internet",4.4,743,4000,179,179,Chargers & Cables,0
"HP 218X Black High-Yield Toner Cartridge | Works with Color Laserjet Pro 3201, MFP 3301 Series | W2180X",4.7,297,5000,112.99,112.99,Laptops,0
"Dell 27 Plus 4K Monitor - S2725QS - 27-inch 4K (3840 x 2160) 120Hz 16:9 Display, IPS Panel, AMD FreeSync Premium, sRGB 99%, Integrated Speakers, 1500:1 Contrast Ratio, Comfortview Plus - Ash White",4.3,423,3000,246.52,246.52,Laptops,0
JBL Charge 4 - Waterproof Portable Bluetooth Speaker - Black,4.7,56528,5000,109.95,109.95,Speakers,0
"Fujifilm INSTAX Mini Instant Film 2 Pack = 20 Sheets (White) for Fujifilm Mini 8 & Mini 9 Cameras, Model:4332059078",4.7,27637,10000,24.48,29.99,Cameras,18.37
"Pendaflex File Folders, Letter Size, 1/3 Cut, Manila, 250 per Box (752250)",4.8,4725,9000,26.5,29.73,Other Electronics,10.86
Apple USB-C to Lightning Cable (2 m),4.7,6753,10000,19.66,19.66,Chargers & Cables,0
"Sanus Height Adjustable Speaker Stand for Sonos Era 300â„¢ - 17"" Height Adjustment Sonos Stand Includes Carpet Spikes & Rubber Pads - Easy DIY Install Comes w/All Hardware - White",4.4,45,,179.99,179.99,Speakers,0
"KODAK 10.1 Inch WiFi Digital Picture Frame,1280x800 HD IPS Touch Screen, Electronic Smart Photo Frame with 32 GB Memory, Auto-Rotate, Instantly Share Photos/Videos Anywhere",4.1,264,,85.99,85.99,TV & Display,0
"Peak Design Slide Lite Camera Strap, Black, Configurable as a Sling, Neck or Shoulder Strap, Quick Release and Connection, Smooth and Grippy Side, Camera Straps for Photographers, 200 lb Capacity",4.7,7235,500,69.95,69.95,Cameras,0
Apple MagSafe Charger (1 m): Wireless Charger with Fast-Charging Capability,4.5,3060,10000,28.49,28.49,Chargers & Cables,0
"Dell Inspiron Touchscreen Laptop, 15.6"" Business & Student Laptop Computer, Windows 11 Pro Laptop 32GB RAM 1TB SSD, Intel i5-1155G7 Processor, Full HD IPS Display, Numeric Keypad, HDMI, Carbon Black",4.2,647,2000,523.99,523.99,Laptops,0
"Amazon Basics 8-Pack Rechargeable AA NiMH Batteries, 2000 mAh, 1.2V, Recharge up to 1000x Times, Pre-Charged",4.4,167901,10000,9.83,11.22,Power & Batteries,12.39
"Logitech ERGO K860 Wireless Ergonomic Keyboard - Split Keyboard, Wrist Rest, Natural Typing, Stain-Resistant Fabric, Bluetooth and USB Connectivity, Compatible with Windows/Mac, Black",4.5,7601,4000,105.26,105.26,Chargers & Cables,0
"HP 62XL Tri-color High-yield Ink Cartridge | Works with Printer Series: ENVY 5540, 5640, 5660, 7640; OfficeJet 5740, 8040; OfficeJet Mobile 200, 250 | Eligible for Instant Ink | C2P07AN",4.7,17227,7000,64.89,64.89,Laptops,0
"SAMSUNG 32-Inch Class Full HD F6000 Smart TV (2025 Model) HDR, Object Tracking Sound Lite, Knox Security, One UI Tizen, Smart TV",4.3,590,4000,177.99,177.99,Phones,0
"Xbox Elite Series 2 Core Wireless Gaming Controller â€“ Black â€“ Xbox Series X|S, Xbox One, Windows PC, Android, and iOS",4.3,44602,,,,Laptops,
"Energizer D Batteries, D Cell Battery Premium Alkaline, 8 Count",4.8,27900,10000,14.97,19.98,Power & Batteries,25.08
"Canon PG-243 / CL-244 Genuine Ink Value Pack (2 Cartridges), Compatible with iP2820, MX492, MG2420/2520/2920/2922/2924/3020/2522/2525, TS3120/302/302a/202/4520/3320",4.6,69726,9000,33.29,35.99,Cameras,7.5
"iOttie Easy One Touch Signature Dashboard & Windshield Universal Car Mount Phone Holder Desk Stand with Suction Cup Base and Telescopic Arm for iPhone, Samsung, Google, More Smartphones",4.4,139913,10000,18.99,24.95,Phones,23.89
"Bose TV Speaker - Soundbar for TV with Bluetooth and HDMI-ARC Connectivity, Black, Includes Remote Control",4.3,12822,3000,258,258,TV & Display,0
"Samsung EVO Select microSD Memory Card + Adapter, 1TB microSDXC, Up-to 160 MB/s, 4K UHD, UHS-I, C10, U3, V30, A2, for Mobile Phone, Smartphones, Nintendo-Switch, and Tablets (MB-ME1T0SA/AM)",4.7,96854,8000,74.99,74.99,Phones,0
"Razer Seiren V3 Chroma RGB USB Microphone: Stream & Game Reactive Lighting - Tap-to-Mute Sensor - Condenser Mic - Digital Gain Limiter & Shock Absorber - PC, Discord, OBS Studio, XSplit - Quartz Pink",4.5,171,,134.39,134.39,Phones,0
"TRANSFORMERS Wearable Bluetooth Speaker Clip On Mini Portable Bluetooth Speaker IPX5 with Mic for Calls and Music 15H Long Playtime Outdoor Suitable Travel Working,Biking,Running,Black Optimus Prime",4.5,28,,21.99,21.99,Speakers,0
"Lexar 2TB ES3 Portable SSD, Up to 1050MB/s Read & 1000MB/s Write, Compatible with PC & Mac, Tablets, Smartphones, External Solid State Drive, Silver (LES3XXX002T-RNSAU)",4.5,198,200,119.99,159.99,Phones,25
"CyberPower CP1500AVRLCD3 Intelligent LCD UPS System, 1500VA/900W, 12 Outlets, 2 USB Ports, AVR, Mini Tower, Black",4.5,7846,3000,174.99,174.99,Laptops,0
"KODAK PIXPRO Friendly Zoom FZ45-BK 16MP Digital Camera with 4X Optical Zoom 27mm Wide Angle and 2.7"" LCD Screen (Black)",4.2,3651,6000,99.99,129.99,Cameras,23.08
"HP 68 Black/Tri-Color Ink Cartridges (2-Pack) | Works Envy 6100e, 6500e Series | Eligible for Instant Ink | 6L6S2TN",4.6,510,7000,50.92,64.85,Laptops,21.48
"Amazon Basics Adjustable Folding Guitar Stand, A-shape, Fully Assembled - For School Music Program, Concerts & Multiple Users, Black, 8.66 x 15.16 x 3.74 inches",4.8,61748,10000,14.99,14.99,TV & Display,0
"Sceptre Curved 27"" FHD 1080p 75Hz LED Monitor HDMI VGA Build-In Speakers, EDGE-LESS Metal Black 2019 (C275W-1920RN)",4.6,14186,4000,92.97,139.97,TV & Display,33.58
"Epson EcoTank Photo ET-8550 Wireless Wide-Format All-in-One Supertank Printer with Scanner, Copier, Ethernet and 4.3-inch Color Touchscreen, Large, White",4.2,1850,1000,,,TV & Display,
"WD_BLACK 2TB SN850X NVMe Internal Gaming SSD Solid State Drive - Gen4 PCIe, M.2 2280, Up to 7,300 MB/s - WDS200T2X0E",4.8,28135,3000,129.99,189.99,Storage,31.58
"Kasa Smart Indoor Pan-Tilt Home Security Camera, 1080p HD Dog Camera w/Night Vision, Motion Detection for Baby & Pet Monitor, Cloud & SD Card Storage, Works w/ Alexa & Google Home, 2.4G WiFi (EC71)",4.4,38090,10000,21.99,24.99,Cameras,12
"Brother Genuine TN2294PK Standard Yield 4-Pack Printer Toner Cartridges - Black, Cyan, Magenta, Yellow Toner Multipack",4.5,490,2000,286.99,286.99,Printers & Scanners,0
"Skylight Frame â€“ WiFi Digital Picture Frame Customer Support, Touch Screen Digital Photo Frame with Easy Setup, Photo Gifts for Parents and Grandparents - 10 Inch Black",4.7,24816,4000,139.99,159,TV & Display,11.96
"Hisense 32-Inch Class A4 Series FHD 1080p Smart Fire TV (32A4NF, 2025 Model) - DTS Virtual: X, Slim Bezel Design, Alexa Built in",4.4,526,4000,97.99,119.99,Smart Home,18.33
"Turtle Beach Stealth 600 Wireless Multiplatform Amplified Gaming Headset for Xbox Series X|S, Xbox One, PC, PS5, PS4, & Mobile â€“ Bluetooth, 80-Hr Battery, Noise-Cancelling Mic â€“ Black",4.3,3340,6000,98.74,98.74,Headphones,0
Escort MAX 360c Radar Detector with Extra Mount & OBDII Cord Bundle,4.4,1465,50,569.95,569.95,Other Electronics,0
"RCA 10.1"" WiFi Digital Picture Frame Uhale App Photo Frames Electronic HD IPS Touch Screen Display with 32GB Memory LED Lights, Support USB/SD Card, Slideshow, Instantly Share Photos Videos",4,5,,59.99,79.99,Storage,25
"Fila Smart Watch for Men Women (Answer/Make Calls), 1.95"" Fitness Watch with Heart Rate/Sleep Monitor, Step Counter, Fitness Tracker with 100+ Sports for Android iOS",4.7,63,,49.99,79.99,Phones,37.5
"Energizer MAX AA Batteries (16 Pack), Double A Alkaline Batteries",4.8,172,1000,16.19,16.19,Power & Batteries,0
"Belkin MagSafe-Compatible Charger, 3-in-1 Wireless Charging Station, Qi2-Certified 15W Wireless Charge for Apple iPhone 16 Series, Apple Watch, AirPods w/Non-Slip Base, 40W Included - Black",4.4,3520,1000,119.99,119.99,Phones,0
"Razer Seiren V3 Chroma RGB USB Microphone: Stream & Game Reactive Lighting - Tap-to-Mute Sensor - Condenser Mic - Digital Gain Limiter & Shock Absorber - PC, Discord, OBS Studio, XSplit - Quartz Pink",4.5,171,,134.39,134.39,Phones,0
"Canon PGI-280XL/CLI-281 5 Color Pack Compatible to TR8520, TR7520, TS9120 Series,TS8120 Series, TS6120 Series",4.6,10969,6000,68.45,68.45,Cameras,0
Chuckit! Ultra Ball Dog Toy - Medium Bouncy Fetch Balls For Dogs 20-60 lbs - Made from Durable Rubber - Floating Water Pet Toys - Size Medium - 2.5-inch Diameter - Pack of 2,4.8,125648,10000,14.99,14.99,Other Electronics,0
"HP 141A Black Toner Cartridge | Works with HP LaserJet M110 Series, HP LaserJet MFP M139, M140 Series | W1410A | Standard (Pack of 1)",4.6,3376,7000,61.89,61.89,Laptops,0
"JBL Clip 5 - Ultra-Portable, Waterproof & Dustproof Bluetooth Speaker, Big Pro Sound with Punchy bass, Integrated Carabiner, Up to 12 Hours of Play, Made in Part with Recycled Materials (Black)",4.8,4456,6000,49.99,49.99,TV & Display,0
"HP DeskJet 4255e Wireless All-in-One Color Inkjet Printer, Scanner, Copier, Best-for-Home, 3 Month Instant Ink Trial Included (588S6A)",3.9,4292,5000,79.19,79.19,Laptops,0
MSI Gaming GeForce RTX 3060 12GB 15 Gbps GDRR6 192-Bit HDMI/DP PCIe 4 Torx Twin Fan Ampere OC Graphics Card,4.7,4330,3000,299.99,299.99,Other Electronics,0
"Kleenex Professional Facial Tissue, Bulk (03076), 2-Ply, White, Flat Boxed Format, Designed for Business, Convenience Size (125 Tissues/Box, 12 Boxes, 1,500 Sheets/Case)",4.5,20721,9000,24.63,27.99,Other Electronics,12
HP 24mh FHD Computer Monitor with 23.8-Inch IPS Display (1080p) - Built-In Speakers and VESA Mounting - Height/Tilt Adjustment for Ergonomic Viewing - HDMI and DisplayPort - (1D0J9AA#ABA),4.6,25312,2000,129.79,129.79,Laptops,0
Ubiquiti Networks UniFi 7 Pro | WiFi 7 Access Point | US Model | PoE+ Adapter not Included (U7-Pro-US),4.6,260,3000,188,188,Chargers & Cables,0
"Energizer AAA Batteries, Max Triple A Max Battery Alkaline, 24 Count",4.8,22981,10000,13.99,21.98,Power & Batteries,36.35
"Amazon Basics 128 GB Ultra Fast USB 3.1 Flash Drive, Black",4.6,26303,10000,14.99,14.99,Storage,0
"AT&T BL102-2 DECT 6.0 2-Handset Cordless Phone for Home with Answering Machine, Call Blocking, Caller ID Announcer, Audio Assist, Intercom, and Unsurpassed Range, Silver/Black",4.3,30484,7000,49.94,59.95,Phones,16.7
"LISEN Retractable Car Charger, 69W USB C Car Accessories Adapter for iPhone 16 USB C Charger Fast Charging,Gifts for Women Men, Travel Essentials, Truck Accessories, for iPhone 16 Pro Max 15 14 13 12",4.6,10222,10000,16.99,27.99,Phones,39.3
"Turtle Beach Vulcan II TKL Pro Magnetic Mechanical RGB Gaming Keyboard â€“ Analog Hall-Effect Switches, Adjustable Actuation, Rapid Trigger, Swappable Keycaps, Tenkeyless Design, Anti-Ghosting â€“ White",4.4,139,,97.99,149.99,Gaming,34.67
"KODAK 10.1 Inch WiFi Digital Picture Frame with 32GB Storage, Electronic Smart Digital Photo Frame 1280x800 IPS Touch Screen, Auto-Rotate, Share Moments Instantly Gifts for Women Mothers Day Christmas",4.3,812,100,59.99,59.99,Storage,0
Ring Wired Doorbell Pro (newest model) â€“ Best-in-class with cutting-edge features (existing doorbell wiring required),4.5,10058,4000,195.49,195.49,Other Electronics,0
"HP Pavilion 15.6"" HD Touchscreen Anti-Glare Laptop, 16GB RAM, 1TB SSD Storage, Intel Core Processor up to 4.1GHz, Up to 11 Hours Long Battery Life, Type-C, HDMI, Windows 11 Home, Silver",4.2,1353,2000,413.99,413.99,Laptops,0
"TP-Link AC600 USB WiFi Adapter for PC (Archer T2U Plus)- Wireless Network Adapter for Desktop with 2.4GHz, 5GHz High Gain Dual Band 5dBi Antenna, Supports Win11/10/8.1/8/7/XP, Mac OS 10.9-10.14, Black",4.4,40774,10000,14.45,19.99,Chargers & Cables,27.71
"Scotch Thermal Laminator, Extra Wide 13 Inch Input, Ideal for Teachers, Small Offices, or Home (TL1302Z)",4.5,378,5000,59.99,59.99,Other Electronics,0
"Garmin Forerunner 165, Running Smartwatch, Colorful AMOLED Display, Training Metrics and Recovery Insights, Black",4.7,1224,3000,249,249,TV & Display,0
"Razer BlackShark V2 X Gaming Headset: 7.1 Surround Sound - 50mm Drivers - Memory Foam Cushion - For PC, PS4, PS5, Switch - 3.5mm Audio Jack - Black",4.4,22791,8000,39.98,59.99,Headphones,33.36
"SanDisk 512GB Ultra USB 3.0 Flash Drive - SDCZ48-512G-G46, Black",4.7,47889,8000,33.99,33.99,Storage,0
"HP 951 Cyan, Magenta, Yellow Ink Cartridges (3 pack)| Works with HP OfficeJet 8600, HP OfficeJet Pro 251dw, 276dw, 8100, 8610, 8620, 8630 Series | Eligible for Instant Ink | CR314FN, Combo 3-Pack",4.6,17904,5000,95.89,95.89,Laptops,0
"Samsung Galaxy Buds FE True Wireless Bluetooth Earbuds, Comfort and Secure in Ear Fit, Auto Switch Audio, Touch Control, Built-in Voice Assistant, Graphite [US Version, 1Yr Manufacturer Warranty]",4.3,6199,5000,69.99,99.99,Phones,30
"Texas Instruments TI-83 Plus Graphing Calculator, Gray, Standard",4.6,7948,4000,28.99,28.99,Other Electronics,0
"JBL Go 4 - Ultra-Portable, Waterproof and Dustproof Bluetooth Speaker, Big Pro Sound with Punchy bass, 7-Hour Built-in Battery, Made in Part with Recycled Materials (Black)",4.8,7882,7000,44.95,44.95,TV & Display,0
"Samsung SmartTag2 (2023) Bluetooth + UWB, IP67 Water and Dust Resistant, Findable via App, 1.5 Year Battery Life (4-Pack) - Black/White (Global Edition, No US Warranty)",4.5,5068,7000,55.14,55.14,Phones,0
"Duracell Coppertop 9V Battery, 6 Count (Pack of 1), 9 Volt Battery with Long-lasting Power, All-Purpose Alkaline 9V Battery for Household and Office Devices",4.8,5207,20000,25.47,25.47,Power & Batteries,0
"Fila Smart Watch for Men Women (Answer/Make Calls), 1.95"" Fitness Watch with Heart Rate/Sleep Monitor, Step Counter, Fitness Tracker with 100+ Sports for Android iOS",4.7,63,,49.99,79.99,Phones,37.5
"Sanus Height Adjustable Speaker Stand for Sonos Era 300â„¢ - 17"" Height Adjustment Sonos Stand Includes Carpet Spikes & Rubber Pads - Easy DIY Install Comes w/All Hardware - White",4.4,45,,179.99,179.99,Speakers,0
"KODAK 10.1 Inch WiFi Digital Picture Frame,1280x800 HD IPS Touch Screen, Electronic Smart Photo Frame with 32 GB Memory, Auto-Rotate, Instantly Share Photos/Videos Anywhere",4.1,264,,85.99,85.99,TV & Display,0
"Sanus Height Adjustable Speaker Stand for Sonos Era 300â„¢ - 17"" Height Adjustment Sonos Stand Includes Carpet Spikes & Rubber Pads - Easy DIY Install Comes w/All Hardware - White",4.4,45,,179.99,179.99,Speakers,0
"Legrand Wiremold RDSZCBK radiant Furniture Power Center with USB and Switch, Recessed Power Strip, 2 Outlets, Type A/C USB, 6 Foot Cord, Black",4.9,9,,97.2,139.09,Other Electronics,30.12
"Fujifilm QuickSnap Flash 400 One Time Use 35mm Camera with Flash, 27 Exposures, 4-Pack",4.6,380,5000,68.88,76.89,Cameras,10.42
"Amazon Basics 4-Pack 23A Alkaline Battery, 12 Volt, Long-Lasting Power",4.7,34376,20000,5.59,5.59,Power & Batteries,0
"Canon PIXMA TR4720 All-in-One Wireless Printer, Home Use with Auto Document Feeder, Mobile Printing and Built-in Fax, Black",4,13544,5000,74,107.99,Cameras,31.48
"Duracell 2025 Lithium Battery, 4 Count (Pack of 1) Child Safety Features, Lithium Coin Battery for Key Fob, Car Remote, and other devices, CR2025 3 Volt (3V) Cell",4.7,13367,20000,7.19,7.19,Power & Batteries,0
"TP-Link Dual-Band AX3000 Wi-Fi 6 Router Archer AX55 | Wireless Gigabit Internet Router for Home | EasyMesh Compatible | VPN Clients & Server | HomeShield, OFDMA, MU-MIMO | USB 3.0 | Secure by Design",4.4,10633,6000,89.99,89.99,Networking,0
"Apple iPhone 11, 64GB, Black - Unlocked (Renewed)",4.2,56984,3000,,,Phones,
"Sony BDP-S1700U Blu-ray DVD Player Dolby Digital TrueHD/DTS and DVD upscaling, with Included HDMI Cable, 2025 Model",4.6,130,5000,93,93,Chargers & Cables,0
"Power Strip Surge Protector 10 Ft Cord, 8 AC Outlets, 3 USB Charger(1 USB C Port), TESSAN Ultra Thin Extension Cord, Flat Plug, 900 Joules Protection, Desk Charging Station for Home, Office",4.8,12321,9000,25.64,25.64,Chargers & Cables,0
"HP OfficeJet Pro 8139e Wireless All-in-One Color Inkjet Printer, Print, scan, Copy, fax, ADF, Duplex Printing Best-for-Home Office, 1 Year Instant Ink Trial Included",3.9,1311,3000,169.99,269.99,Laptops,37.04
"WYZE Cam v4, 2.5K QHD WiFi Indoor/Outdoor Smart Home Security Camera, Pet/Baby Monitor, Motion Activated Spotlight/Siren, Color Night Vision, 2-Way Audio, Works with Alexa & Google, Free Expert Help",4.4,7755,9000,35.98,35.98,Cameras,0
"Energizer Alkaline Power D Batteries 12 Count (Pack of 1), Long-Lasting Alkaline Size D Batteries",4.7,9671,8000,18.99,23.98,Other Electronics,20.81
"TP-Link USB Bluetooth Adapter for PC - Bluetooth 5.3 Dongle Receiver, Plug and Play, Nano Design, EDR & BLE, Supports Windows 11/10/8.1/7 for Desktop, Laptop, PS5/PS4/Xbox Controller (UB500)",4.5,18726,10000,9.99,14.99,Laptops,33.36
"Peak Design Slide Lite Camera Strap, Black, Configurable as a Sling, Neck or Shoulder Strap, Quick Release and Connection, Smooth and Grippy Side, Camera Straps for Photographers, 200 lb Capacity",4.7,7235,500,69.95,69.95,Cameras,0
"Razer Seiren V3 Chroma RGB USB Microphone: Stream & Game Reactive Lighting - Tap-to-Mute Sensor - Condenser Mic - Digital Gain Limiter & Shock Absorber - PC, Discord, OBS Studio, XSplit - Quartz Pink",4.5,171,,134.39,134.39,Phones,0
"Mophie Snap+ 3-in-1 Wireless Charging Stand - MagSafe & Qi2 Certified, Compatible with iPhone 16/15/14/13/12, Apple Watch, AirPods - Multi-Device Magnetic Charging Station, Eco-Friendly Design, White",4.3,196,200,119.99,129.95,Phones,7.66
"UGREEN Revodok 105 USB C Hub 5 in 1 Multiport Adapter 4K HDMI, 100W Power Delivery, 3 USB-A Data Ports, USB C Dongle for MacBook Pro/Air, iPad Pro, iMac, iPhone 15 Pro/Pro Max, XPS, Thinkpad",4.6,19848,10000,11.99,15.99,Laptops,25.02
"Original HP 64 Tri-color / 64XL Black Ink Cartridges (2-Pack) | Works with HP ENVY Inspire 7250e, 7950e Series; HP ENVY Photo 6200, 7100, 7800 Series",4.6,2697,6000,83.89,83.89,Laptops,0
"TP-Link Deco BE63 Tri-Band WiFi 7 BE10000 Whole Home Mesh System - 6-Stream 10 Gbps, 4x2.5G Ports Wired Backhaul, 4X Smart Internal Antennas, VPN, MU-MIMO, HomeShield, Free Expert Support (3-Pack)",4.4,7440,2000,419.97,549.99,Networking,23.64
Braun Series 7 70S Electric Shaver Head Replacement Cassette â€“ Silver,4.7,29443,8000,43.99,43.99,Other Electronics,0
"Amazon Basics Male Dog Diapers, 30 Count, Small, Ultra Absorbent Disposable Wrap with Secure Fit, Leakproof and Comfortable",4.3,37880,10000,16.76,16.76,Other Electronics,0
"HP USB-C Dock G5-11-in-1 Adapter for Both USB-C and Thunderbolt-Enabled Laptops, PCs, & Notebooks - Single Cable for Charging, Networking, or Data Transfers - Great for Secure & Remote Management",4.2,866,3000,104.49,229.99,Laptops,54.57
"Sonos Era 100 - Black - Wireless, Alexa Enabled Smart Speaker",4.2,1685,3000,163.33,163.33,Smart Home,0
"Logitech C920S HD Pro Webcam, Full HD 1080p/30fps Video Calling, Clear Stereo Audio, Light Correction, Privacy Shutter, Works with Skype, Zoom, FaceTime, Hangouts, PC/Mac/Laptop/Tablet/XBox - Black",4.6,3267,4000,59.99,69.99,Laptops,14.29
"KODAK PIXPRO FZ55-RD 16MP Digital Camera 5X Optical Zoom 28mm Wide Angle 1080P Full HD Video 2.7"" LCD Vlogging Camera (Red) Packaging May Vary",4.4,4319,3000,129.99,149.99,Cameras,13.33
"Tile by Life360 Essentials - Bluetooth Trackers & Item Locators for Keys, Wallets, Remotes & More; Easily Find All Your Things. Both iOS and Android Compatible. 4-Pack (Mates/Slim/Sticker)",4.4,1111,5000,54.99,74.99,Phones,26.67
"ARRIS (SB8200) - Cable Modem - Fast DOCSIS 3.1 32x8 Gigabit Cable Modem , Approved for Comcast Xfinity, Cox, Charter Spectrum, & more | 1 Gbps Max Internet Speed, 4 OFDM Channels - (No Built-in Wifi)",4.2,19929,4000,169,169,Chargers & Cables,0
"Lexar 512GB Play PRO microSD Express Card, UHS-I, C10, U3, V30, Full HD, 4K, Up to 900/600 MB/s Memory Card, Compatible w/Nintendo-Switch 2, ASUS ROG Ally, Steam Deck, Gaming (LMSXPS0512G-BNNNU)",4.6,6718,5000,119.99,119.99,Laptops,0
"RCA 10.1"" WiFi Digital Picture Frame Uhale App Photo Frames Electronic HD IPS Touch Screen Display with 32GB Memory LED Lights, Support USB/SD Card, Slideshow, Instantly Share Photos Videos",4,5,,59.99,79.99,Storage,25
"Fila Smart Watch for Men Women (Answer/Make Calls), 1.95"" Fitness Watch with Heart Rate/Sleep Monitor, Step Counter, Fitness Tracker with 100+ Sports for Android iOS",4.7,63,,49.99,79.99,Phones,37.5
"Belkin MagSafe-Compatible Charger, 3-in-1 Wireless Charging Station, Qi2-Certified 15W Wireless Charge for Apple iPhone 16 Series, Apple Watch, AirPods w/Non-Slip Base, 40W Included - Black",4.4,3520,1000,119.99,119.99,Phones,0
"Sanus Height Adjustable Speaker Stand for Sonos Era 300â„¢ - 17"" Height Adjustment Sonos Stand Includes Carpet Spikes & Rubber Pads - Easy DIY Install Comes w/All Hardware - White",4.4,45,,179.99,179.99,Speakers,0
"KODAK 10.1 Inch WiFi Digital Picture Frame,1280x800 HD IPS Touch Screen, Electronic Smart Photo Frame with 32 GB Memory, Auto-Rotate, Instantly Share Photos/Videos from Anywhere",4.1,264,100,45.99,45.99,TV & Display,0
"Peak Design Slide Lite Camera Strap, Black, Configurable as a Sling, Neck or Shoulder Strap, Quick Release and Connection, Smooth and Grippy Side, Camera Straps for Photographers, 200 lb Capacity",4.7,7235,500,69.95,69.95,Cameras,0
"SHOKZ OpenRun - Open-Ear Bluetooth Bone Conduction Sport Headphones, Sweat Resistant Wireless Earphones for Workouts and Running, Built-in Mic, with Hair Band, Black",4.5,34545,3000,129.95,129.95,Phones,0
"Brother MFC-J4335DW INKvestment Tank Wireless All-in-One Color Inkjet Printer, Up to 1-Year of Ink in-Box, Duplex Printing, Mobile and Cloud Print, Works with Alexa",4,3665,4000,169.99,189.99,Smart Home,10.53
"Lenovo IdeaPad 3i Chromebook, 15.6â€ FHD Display, Intel Celeron N4500, 8GB RAM, 64GB eMMC, 1920x1080 px, 720p Camera, Chrome OS, Abyss Blue",4.3,971,3000,204.99,289.99,Laptops,29.31
"Tile by Life360 Slim - Wallet Finder, Bluetooth Tracker and Item Locator for Luggage Tags, Passports and More. Both iOS and Android Compatible. Phone Finder. 1-Pack (Black)",4.4,3731,10000,19.99,29.99,Phones,33.34
Dell Universal Dock UD22 Black,4.4,391,3000,134.99,134.99,Laptops,0
"Logitech M720 Triathlon Wireless Mouse, Bluetooth, USB Unifying Receiver, 1000 DPI, 6 Programmable Buttons, 2-Year Battery, Compatible with Laptop, PC, Mac, iPadOS - Black",4.5,12372,7000,22.91,22.91,Laptops,0
"Fujifilm INSTAX Mini Instant Film (White) for Fujifilm Mini 8,9,11,12 Cameras w/Microfiber Cloth by Quality (20 Prints)",4.6,391,6000,34.99,37.99,Cameras,7.9
"DJI Osmo Action 5 Pro Adventure Combo, Action Camera 4K with 1/1.3"" Sensor, 12h Extended Battery Life with 3 Batteries, Stabilization, Dual OLED Touchscreens, Mini Action Camera for Travel, Vlog",4.5,1291,2000,449,449,Cameras,0
"DJI Neo Three-Battery Combo, Mini Drone with 4K UHD Camera for Adults, 135g Self Flying Drone that Follows You, Palm Takeoff, Subject Tracking, QuickShots, Stabilized Video (Controller-Free)",4.4,6634,2000,289,289,Cameras,0
"Energizer MAX 9V Batteries (4 Pack), 9 Volt Alkaline Batteries",4.8,7409,10000,10.94,16.86,Other Electronics,35.11
"Crucial Pro 32GB DDR5 RAM Kit (2x16GB),CL36 6000MHz, Overclocking Desktop Gaming Memory, Intel XMP 3.0 & AMD Expo Compatible, Black - CP2K16G60C36U5B",4.8,3292,4000,84.99,131.99,Laptops,35.61
"HP 63XL Tri-color High-yield Ink Cartridge | Works with Printer Series: DeskJet 1112, 2130, 3630; ENVY 4510, 4520; OfficeJet 3830, 4650, 5200 | Eligible for Instant Ink | F6U63AN",4.7,23678,5000,67.89,67.89,Laptops,0
"OWC 4TB Envoy Ultra Thunderbolt 5 Portable SSD Enclosure External Drive, Ultra Fast with TB5 Transfer Rates Over 6000MB/s, TB3, TB4 and USB4 Compatible, Works with Mac and PC",4.6,340,100,499.99,549.99,Storage,9.09
"RCA 10.1"" WiFi Digital Picture Frame Uhale App Photo Frames Electronic HD IPS Touch Screen Display with 32GB Memory LED Lights, Support USB/SD Card, Slideshow, Instantly Share Photos Videos",4,5,,59.99,79.99,Storage,25
"Razer Seiren V3 Chroma RGB USB Microphone: Stream & Game Reactive Lighting - Tap-to-Mute Sensor - Condenser Mic - Digital Gain Limiter & Shock Absorber - PC, Discord, OBS Studio, XSplit - Quartz Pink",4.5,171,,134.39,134.39,Phones,0
"Amazon Basics Surge Protector Power Strip, 6-Outlet with 200J Protection, 2ft Extension Cord, Rectangle, White (2 Pack)",4.7,41490,10000,14.27,14.27,Other Electronics,0
"HP 26A Black Toner Cartridge | Works with HP LaserJet Pro M402 Series, HP LaserJet Pro MFP M426 Series | CF226A",4.6,1934,3000,173.99,173.99,Laptops,0
"Apple iPhone 13, 128GB, Midnight - Unlocked (Renewed)",4,18856,2000,,,Phones,
"HP 414X Black High-yield Toner Cartridge | Works HP Color LaserJet Enterprise M455dn, MFP M480f; HP Color LaserJet Pro M454 Series, MFP M479 Series",4.7,1814,2000,235.89,235.89,Laptops,0
"HP ENVY Inspire 7955e Wireless Color Inkjet Printer, Print, scan, copy, Easy setup, Mobile printing, Best-for home, 3 month Instant Ink trial included, White",4,3520,4000,149.99,229.99,Laptops,34.78
"Energizer Alkaline Power 9 Volt Batteries (8 Pack), Long-Lasting Alkaline 9V Batteries",4.8,4504,8000,18.98,26.98,Other Electronics,29.65
"VIVO Dual Monitor Desk Mount, Holds 2 Computer Screens up to 30 inches and 22lbs Each, Heavy Duty Fully Adjustable Steel Stand with C-Clamp and Grommet, Black, STAND-V002",4.5,59409,7000,34.99,34.99,Phones,0
"LISEN for 15W MagSafe Car Mount Charger,Magnetic Wireless Car Charger for iPhone 16 Pro Max Accessories,Magnetic Phone Holder for 17 iPhone 16e 15 14 13 12,Samsung ï¼† Pixel with MagSafe,Gifts",4.4,3457,10000,19.99,24.98,Phones,19.98
"HP 58X Black High-yield Toner Cartridge | Works with HP LaserJet Enterprise M406dn, Enterprise MFP M430f, Pro M404 Series, M428 Series | CF258X",4.7,1256,2000,305.89,305.89,Laptops,0
"Bose QuietComfort Ultra Bluetooth Earbuds, Wireless Earbuds with Spatial Audio and World-Class Active Noise Cancellation, Deep Bass, Up to 6 Hours of Playtime, Black",3.8,8460,2000,229,229,Headphones,0
"acer SD Card Reader USB C, Dual Slots USB 3.0 Type C to Micro SD Card Adapter, Memory Card Reader for MicroSD, SDHC, SDXC, Compatible with Laptop, PC, iPhone16/15, MacBook Pro/Air, iPad Pro, Android",4.6,1941,10000,9.99,12.99,Laptops,23.09
"Logitech M196 Bluetooth Wireless Mouse, Compact and Portable Mouse for Laptops, Tablets and More, 12-Month Battery, Smooth Tracking, Compatible with PC and Mac, Windows and macOS - Graphite",4.5,2171,10000,14.85,14.85,Laptops,0
"Mophie Snap+ 3-in-1 Wireless Charging Stand - MagSafe & Qi2 Certified, Compatible with iPhone 16/15/14/13/12, Apple Watch, AirPods - Multi-Device Magnetic Charging Station, Eco-Friendly Design, White",4.3,196,200,119.99,129.95,Phones,7.66
"DEWALT Heavy Duty 72W 5 Port USB Car Charger Multiport, iPhone 16 Multi USB Car Charger, Fast Charge PD & QC3.0 Cigarette Lighter Adapter w/ 6FT Cable, Type C Front/Back Charging for Multiple Devices",4.8,187,100,32.47,42.99,Phones,24.47
"Duracell Coppertop 9V Battery, 6 Count (Pack of 1), 9 Volt Battery with Long-lasting Power, All-Purpose Alkaline 9V Battery for Household and Office Devices",4.8,5207,20000,25.47,25.47,Power & Batteries,0
"Peak Design Slide Lite Camera Strap, Black, Configurable as a Sling, Neck or Shoulder Strap, Quick Release and Connection, Smooth and Grippy Side, Camera Straps for Photographers, 200 lb Capacity",4.7,7235,500,69.95,69.95,Cameras,0
"Sanus Height Adjustable Speaker Stand for Sonos Era 300â„¢ - 17"" Height Adjustment Sonos Stand Includes Carpet Spikes & Rubber Pads - Easy DIY Install Comes w/All Hardware - White",4.4,45,,179.99,179.99,Speakers,0
"Satechi Type-C Pro Hub Adapter with Ethernet - 4K HDMI, USB-C PD, Gigabit Ethernet, USB 3.0, Micro SD Card Slot - for M2/ M1 MacBook Pro/Air (Space Gray)",4,476,,62.99,62.99,Laptops,0
"Apple iPhone 15, 128GB, Black - Unlocked (Renewed)",4.2,2045,1000,,,Phones,
"Sony WF-1000XM5 The Best Truly Wireless Bluetooth Noise Canceling Earbuds & in-Ear Headphones with Alexa Built-in, Black",3.8,4764,3000,213,329.99,Phones,35.45
"HP 923 Black Ink Cartridge Printers | Works with Printer Series: OfficeJet 8120, OfficeJet Pro 8130 | Eligible for Instant Ink | 4K0T3LN",4.5,768,7000,33.92,33.92,Laptops,0
Apple TV 4K Wi-Fi (3rd Generation) with Siri Remote & Apple 1 Year Limited Warranty (64 GB Wi Fi),4.6,620,3000,179,179,TV & Display,0
"Amazon Basics Stereo 2.0 Speakers for PC or Laptop, 3.5mm Aux input, USB-Powered, 1 Pair, Black",4.4,75547,10000,16.53,16.53,Laptops,0
"DJI Mic 2 (2 TX + 1 RX + Charging Case), Wireless Lavalier Microphone, Intelligent Noise Cancelling, 32-bit Float Internal Recording, 820 ft.(250m) Range, Microphone for iPhone, Android, Camera",4.6,3044,2000,314,349,Laptops,10.03
Apple Magic Keyboard - US English â€‹â€‹â€‹â€‹â€‹â€‹â€‹,4.6,3125,4000,85.37,85.37,Other Electronics,0
"HP 61XL Black High-yield Ink | Works with Series: DeskJet 1000, 1010, 1050, 1510, 2050, 2510, 2540, 3000, 3050, 3510; ENVY 4500, 5530; OfficeJet 2620, 4630 | Eligible for Instant Ink | CH563WN",4.7,24472,6000,64.89,64.89,Laptops,0
"Scott Professional Universal Multifold Paper Towels, Bulk (01804), Absorbency Pockets, White, 9.2'x9.4' Towel, Compressed (250 Sheets/Pack, 16 Packs/Case, 4,000 Sheet Total)",4.6,11809,5000,35.89,35.89,Other Electronics,0
"Pendaflex File Folders, Letter Size, 8-1/2"" x 11"", Classic Manila, 1/3-Cut Tabs in Left, Right, Center Positions, 100 Per Box (65213)",4.8,33999,10000,15.99,15.99,Other Electronics,0
Apple Early 2020 MacBook Air with 1.1GHz Intel Core i3 13-inch 8GB RAM 256GB SSD Storage Space Gray (Renewed),3.7,2344,2000,,,Laptops,
"HP 138A Black Toner Cartridge | Works Laserjet Pro 3001 Series, Laserjet Pro MFP 3101 Series | W1380A",4.7,457,4000,78.89,78.89,Laptops,0
"KODAK 10.1 Inch WiFi Digital Picture Frame,1280x800 HD IPS Touch Screen, Electronic Smart Photo Frame with 32 GB Memory, Auto-Rotate, Instantly Share Photos/Videos Anywhere",4.1,264,,85.99,85.99,TV & Display,0
"Razer Seiren V3 Chroma RGB USB Microphone: Stream & Game Reactive Lighting - Tap-to-Mute Sensor - Condenser Mic - Digital Gain Limiter & Shock Absorber - PC, Discord, OBS Studio, XSplit - Quartz Pink",4.5,171,,134.39,134.39,Phones,0
"Satechi Aluminum Wireless Keyboard with Numeric Keypad â€“ for MacBook Pro, MacBook Air, iPad Pro, iMac and More",3.9,530,,55.99,79.99,Laptops,30
Sonos Move 2 - Black - Wireless Portable Bluetooth Speaker,4.4,743,1000,399.98,399.98,Speakers,0
"All-new Blink Video Doorbell + Outdoor 4 â€“ Wireless smart security cameras, head-to-toe HD view, two-year battery life. Sync Module Core included â€“ 3 camera system + Video Doorbell",4.3,25,,134.98,134.98,Laptops,0
"EPSON 232 Claria Ink High Capacity Black & Standard Color Cartridge Combo Pack (T232XL-BCS) Works with WorkForce WF-2930, WF-2950, Expression XP-4200, XP-4205",4.6,1961,5000,61.49,61.49,Other Electronics,0
"Anker SD Card Reader, 2-in-1 USB C Memory Card Reader for Digital Camera SD Card Viewer with Dual Slot for SDXC, SDHC, SD, MMC, RS-MMC, Micro SDXC,MicroSD, Micro SDHC Card, and UHS-I Cards",4.6,7037,10000,16.99,17.99,Chargers & Cables,5.56
"HP 206X Cyan High-yield Toner Cartridge | Works with HP Color LaserJet Pro M255, HP Color LaserJet Pro MFP M282, M283 Series | W2111X",4.8,1419,3000,139.89,139.89,Laptops,0
"Samsung Galaxy Watch 7 40mm Bluetooth AI Smartwatch w/Energy Score, Wellness Tips, Heart Rate Tracking, Sleep Monitor, Fitness Tracker, 2024, Cream [US Version, 1Yr Manufacturer Warranty]",4.5,4382,1000,209,249.99,Laptops,16.4
"Casio fx-300ES Plus 2nd Edition â€“ Standard Scientific Calculator | 262 Functions, Natural Textbook Displayâ„  | Ideal for Middle School, High School Math, Statistics & Algebra | Black",4.7,12997,10000,9.24,9.24,TV & Display,0
"Energizer Alkaline Power AA Batteries (20 Pack), Double A Batteries Alkaline, Long-Lasting",4.8,3297,10000,14.98,14.98,Power & Batteries,0
"Amazon Basics 5-Shelf Adjustable Heavy Duty Steel Wire Rack Storage Shelving Organizer for Kitchen, Garage, 36"" L x 14"" W x 72"" H, Black",4.7,98483,5000,60.23,60.23,Storage,0
"Seagate BarraCuda 8 TB Internal Hard Drive HDD â€“ 3.5 Inch SATA 6 Gb/s, 5,400 RPM, 256 MB Cache for Computer Desktop PC (ST8000DMZ04/004)",4.6,101753,3000,119.99,134.99,Storage,11.11
"Brother HL-L2405W Wireless Compact Monochrome Laser Printer with Mobile Printing, Black & White Output | Includes Refresh Subscription Trial(1), Works with Alexa",4.2,1191,4000,134.99,134.99,Smart Home,0
"CORSAIR RM850e (2025) Fully Modular Low-Noise ATX Power Supply with 12V-2x6 Cable â€“ ATX 3.1 & PCIe 5.1 Compliant, Cybenetics Gold Efficiency, 105Â°C-Rated Capacitors, Modern Standby Mode â€“ Black",4.6,4568,4000,114.99,144.99,Chargers & Cables,20.69
"Fila Smart Watch for Men Women (Answer/Make Calls), 1.95"" Fitness Watch with Heart Rate/Sleep Monitor, Step Counter, Fitness Tracker with 100+ Sports for Android iOS",4.7,63,,49.99,79.99,Phones,37.5
"Satechi Slim X3 Bluetooth Backlit Keyboard for Mac, Illuminated Keys & Multi-Device Sync, for MacBook Air/Pro M4, iPad Air/Pro M4, iPad/iPad mini, Mac mini, iMac - Space Gray",4.2,2195,50,76.99,89.99,Laptops,14.45
"Duracell Coppertop 9V Battery, 6 Count (Pack of 1), 9 Volt Battery with Long-lasting Power, All-Purpose Alkaline 9V Battery for Household and Office Devices",4.8,5207,20000,25.47,25.47,Power & Batteries,0
"Pyle Dash Cam, Rearview Mirror Monitor, Night Vision, 7.4â€ LCD Screen, Backup Camera, Slim Bar Design, Waterproof IP-69, G-Sensor, Audio Recording, 32GB Memory Slot, Universal Mount, Includes Cables",3.8,30,,139.99,139.99,Chargers & Cables,0
"Peak Design Slide Lite Camera Strap, Black, Configurable as a Sling, Neck or Shoulder Strap, Quick Release and Connection, Smooth and Grippy Side, Camera Straps for Photographers, 200 lb Capacity",4.7,7235,500,69.95,69.95,Cameras,0
"RCA 10.1"" WiFi Digital Picture Frame Uhale App Photo Frames Electronic HD IPS Touch Screen Display with 32GB Memory LED Lights, Support USB/SD Card, Slideshow, Instantly Share Photos Videos",4,5,,59.99,79.99,Storage,25
"SanDisk Extreme PRO microSDXC UHS-I Memory Card 512 GB + Adapter & RescuePRO Deluxe (for Smartphones, Action Cameras or Drones, A2, Class 10, V30, U3, 200 MB/s Transfer)",4.8,5682,5000,56.48,69.99,Phones,19.3
Apple Magic Keyboard with Touch ID and Numeric Keypad for Mac Models with Apple Silicon - US English - Black Keys,4.6,2606,3000,161.15,161.15,Other Electronics,0
ASURION 3 Year Home Improvement Protection Plan ($30 - $39.99),4.4,4109,,5.99,5.99,Other Electronics,0
"Amazon Basics 6-Pack LR44 Alkaline Button Coin Cell Battery, 1.5 Volt, Long Lasting Power, Mercury-Free",4.7,69938,20000,5.49,5.49,Power & Batteries,0
"HP LaserJet Pro MFP 3101fdw Wireless Black & White All-in-One Laser Printer, Scanner, Copier, Fax, Best-for-Office (3G628F)",4.3,562,2000,222.59,222.59,Laptops,0
"Brother MFC-L2820DW Wireless Compact Monochrome All-in-One Laser Printer with Copy, Scan and Fax, Duplex, Black & White | Includes Refresh Subscription Trial(1), Works with Alexa",4.4,591,2000,264.99,264.99,Smart Home,0
Razer Basilisk V3 Customizable Ergonomic Gaming Mouse: Fastest Gaming Mouse Switch - Chroma RGB Lighting - 26K DPI Optical Sensor - 11 Programmable Buttons - HyperScroll Tilt Wheel - Classic Black,4.6,8405,6000,39.98,69.99,Gaming,42.88
Apple Lightning to USB Cable (1 m) â€‹â€‹â€‹â€‹â€‹â€‹â€‹,4.7,32475,10000,14.58,14.58,Chargers & Cables,0
"Amazon Basics IPS Monitor 75 Hz Powered with AOC Technology FHD 1080P HDMI, Display Port and VGA Input VESA Compatible Built-in Speakers for Office and Home, 27 in, Black",4.6,1330,3000,109.99,109.99,TV & Display,0
"HP OfficeJet Pro 9135e All-in-One Printer, Color, Printer-for-Small Medium Business, Print, Copy, scan, fax, wireless. 3 month Instant Ink trial included ; Two-Sided Printing; Two-Side",3.7,796,2000,429.89,429.89,Laptops,0
Apple Magic Trackpad - White Multi-Touch Surface â€‹â€‹â€‹â€‹â€‹â€‹â€‹,4.7,5449,3000,111.98,111.98,Laptops,0
"Texas Instruments TI-84 Plus Graphics Calculator, Black (Renewed)",4.5,757,3000,,,Other Electronics,
"KODAK 10.1 Inch WiFi Digital Picture Frame,1280x800 HD IPS Touch Screen, Electronic Smart Photo Frame with 32 GB Memory, Auto-Rotate, Instantly Share Photos/Videos Anywhere",4.1,264,,85.99,85.99,TV & Display,0
"DJI Mic Mini (2 TX + 1 RX + Charging Case), Wireless Lavalier Microphone for iPhone/Camera/Android, Ultralight, Detail-Rich Audio, 48h Use, Noise Cancelling, Automatic Limiting, Vlog, Streaming",4.7,4657,10000,139.5,169,Phones,17.46
"Sanus Height Adjustable Speaker Stand for Sonos Era 300â„¢ - 17"" Height Adjustment Sonos Stand Includes Carpet Spikes & Rubber Pads - Easy DIY Install Comes w/All Hardware - White",4.4,45,,179.99,179.99,Speakers,0
Logitech Brio 4K Webcam,4.6,17396,3000,130.9,199.99,Cameras,34.55
"Mounting Dream TV Mount Fixed for Most 42-84 Inch Flat Screen TVs, TV Wall Mount Bracket up to VESA 600 x 400mm and 132 lbs - Fits 16""/18""/24"" Studs - Low Profile and Space Saving MD2163-K",4.7,13052,7000,28.49,32.99,TV & Display,13.64
Apple iPad (2018 Model) with Wi-Fi only 32GB Apple 9.7in iPad - Space Gray (Renewed),4.4,17179,3000,169,169,Networking,0
"HP Original 148X Black Laserjet Toner Cartridge | This Cartridge Works Laserjet Pro 4001, MFP 4101 | W1480X, Black",4.8,273,2000,281.89,281.89,Laptops,0
"NETGEAR Nighthawk 6-Stream Dual-Band WiFi 6 Router (RAX54S) â€“ Security Features, AX5400 Wireless Speed, Up to 5.4 Gbps, Covers up to 2,500 sq. ft., 25 Devices - 1-Year Armor Subscription Included",4.3,4370,3000,139.99,139.99,Networking,0
TP-Link 8 Port Gigabit Ethernet Network Switch - Ethernet Splitter | Plug & Play | Fanless | Sturdy Metal w/ Shielded Ports | Traffic Optimization | Unmanaged | Lifetime Protection (TL-SG108),4.7,42045,9000,21.99,21.99,Networking,0
"Logitech Wave Keys MK670 Combo, Wireless Ergonomic Keyboard with Signature M550 L Wireless Mouse, Comfortable Natural Typing, Bluetooth, Logi Bolt, for Multi-OS, Windows/Mac - Graphite",4.3,2889,3000,52.67,52.67,Other Electronics,0
"Anker Nano USB C Charger Block, 30W PIQ 3.0 Foldable iPhone Charger Fast Charging for iPhone 16/15 Series, Galaxy, iPad, Compatible with MagSafe",4.8,16219,10000,11.99,11.99,Phones,0
"ARCTIC Liquid Freezer III Pro 360 - AIO CPU Cooler, 3 x 120 mm Water Cooling, 38 mm Radiator, PWM Pump, VRM Fan, AMD AM5/AM4, Intel LGA1851/1700 Contact Frame - Black",4.5,1837,3000,148.5,148.5,Laptops,0
"Crucial 32GB DDR5 RAM Kit (2x16GB), 5600MHz (or 5200MHz or 4800MHz) Laptop Memory 262-Pin SODIMM, Compatible with Intel Core and AMD Ryzen 7000, Black - CT2K16G56C46S5",4.8,4511,3000,77.99,104.99,Laptops,25.72
"Duracell Coppertop C Batteries, 8 Count Pack, C Battery with Long-lasting Power, All-Purpose Alkaline C Battery for Household and Office Devices",4.8,32152,8000,16.98,18.99,Power & Batteries,10.58
CORSAIR RM1000x Fully Modular Low-Noise ATX Power Supply â€“ ATX 3.1 Compliant â€“ PCIe 5.1 Support â€“ Cybenetics Gold Efficiency â€“ Native 12V-2x6 Connector â€“ Black,4.7,11542,3000,178.99,209.99,Other Electronics,14.76
"DJI Mic 2 Transmitter (Shadow Black), Wireless Microphone with Intelligent Noise Cancelling, 14-Hour Internal Recording, 6-Hour Battery, Magnetic Attachment, Bluetooth Microphone, YouTube, Vlogs",4.6,3044,2000,87,99,Laptops,12.12
"Fila Smart Watch for Men Women (Answer/Make Calls), 1.95"" Fitness Watch with Heart Rate/Sleep Monitor, Step Counter, Fitness Tracker with 100+ Sports for Android iOS",4.7,63,,49.99,79.99,Phones,37.5
"Razer Seiren V3 Chroma RGB USB Microphone: Stream & Game Reactive Lighting - Tap-to-Mute Sensor - Condenser Mic - Digital Gain Limiter & Shock Absorber - PC, Discord, OBS Studio, XSplit - Quartz Pink",4.5,171,,134.39,134.39,Phones,0
"HP OfficeJet Pro 8125e Wireless All-in-One Color Inkjet Printer, Print, scan, Copy, ADF, Duplex Printing, Home & Office, 3 Months of Instant Ink Included (405T6A)",4.1,451,20000,119.99,169.99,Laptops,29.41
"HP OfficeJet Pro 8139e Wireless All-in-One Color Inkjet Printer, Print, scan, Copy, fax, ADF, Duplex Printing Best-for-Home Office, 1 Year Instant Ink Trial Included",3.9,1311,3000,169.99,269.99,Laptops,37.04
"KODAK 10.1 Inch WiFi Digital Picture Frame,1280x800 HD IPS Touch Screen, Electronic Smart Photo Frame with 32 GB Memory, Auto-Rotate, Instantly Share Photos/Videos Anywhere",4.1,264,,85.99,85.99,TV & Display,0
CORSAIR RM1000x Fully Modular Low-Noise ATX Power Supply â€“ ATX 3.1 Compliant â€“ PCIe 5.1 Support â€“ Cybenetics Gold Efficiency â€“ Native 12V-2x6 Connector â€“ Black,4.7,11542,3000,178.99,209.99,Other Electronics,14.76
"HP Envy 6555e Wireless All-in-One Color Inkjet Printer, Print, scan, Copy, Duplex Printing Best-for-Home, 3 month Instant Ink trial included (714N5A)",4,1155,4000,119.99,119.99,Laptops,0
"HP LaserJet Pro 3001dw Wireless Black & White Printer, Best-for-Office (3G65OF)",4.1,579,2000,137.08,137.08,Laptops,0
"Braun Electric Series 3 Razor with Precision Trimmer, Rechargeable, Wet & Dry Foil Shaver for Men, Blue/Black, 4 Piece",4.3,25754,5000,59.94,59.94,Power & Batteries,0
"Logitech MX Brio Ultra HD 4K Collaboration and Streaming Webcam, 1080p at 60 FPS, Dual Noise Reducing Mics, Show Mode, USB-C, Webcam Cover, Works with Microsoft Teams, Zoom, Google Meet - Graphite",4.4,658,2000,194.95,194.95,Cameras,0
"Rayovac High Energy D Batteries (12 Pack), Alkaline D Cell Batteries",4.7,16639,9000,12.97,15.8,Power & Batteries,17.91
"Logitech MX Vertical Wireless Mouse â€“ Ergonomic Design Reduces Muscle Strain, Move Content Between 3 Windows and Apple Computers, Rechargeable, Graphite",4.3,14293,3000,102.94,119.99,Power & Batteries,14.21
"HP 206X Magenta High-yield Toner Cartridge | Works with HP Color LaserJet Pro M255, HP Color LaserJet Pro MFP M282, M283 Series | W2113X",4.8,1337,3000,139.89,183.64,Laptops,23.82
Nintendo Neon Purple/Neon Orange Joy-Con (L-R) - Switch,4.7,81098,,,,Gaming,
"Apple Magic Keyboard with Numeric Keypad: Wireless, Bluetooth, Rechargeable. Works with Mac, iPad, or iPhone; US English - White",4.2,63,3000,106.97,106.97,Phones,0
"DYMO LabelManager 160 Portable Label Maker Bundle, Easy-to-Use, One-Touch Smart Keys, QWERTY Keyboard, Large Display, For Home & Office Organization, Includes 3 D1 label cassettes",4.6,30942,4000,59.22,59.22,TV & Display,0
"Elgato HD60 X - Stream and Record in 1080p60 HDR10 or 4K30 with Ultra-low Latency on PS5|Pro, PS4|Pro, Xbox Series X/S, Xbox One X|S, Nintendo Switch 2, in OBS and More, Works with PC and Mac",4.5,4414,3000,148.99,179.99,TV & Display,17.22
"HP ENVY Inspire 7255e Wireless Color Thermal Inkjet Printer, Print, scan, copy, Easy setup,Mobile printing, Best-for-home, 3 month Instant Ink trial included",4.1,2458,1000,139.99,199.99,Laptops,30
